eco,name,fen,white,draw,black
B03,"Alekhine Defense: Four Pawns Attack, Main Line",rnbqkb1r/pppppppp/8/3nP3/3P4/8/PPP2PPP/RNBQKBNR b KQkq - 0 3,57,64,14
B03,"Alekhine Defense: Four Pawns Attack, Main Line",rnbqkb1r/ppp1pppp/3p4/3nP3/3P4/8/PPP2PPP/RNBQKBNR w KQkq - 0 4,55,58,12
B03,"Alekhine Defense: Four Pawns Attack, Main Line",rnbqkb1r/pppppppp/5n2/8/4P3/8/PPPP1PPP/RNBQKBNR w KQkq - 1 2,68,84,20
B03,"Alekhine Defense: Four Pawns Attack, Main Line",rnbqkb1r/ppp1pppp/3p4/3nP3/2PP4/8/PP3PPP/RNBQKBNR b KQkq - 0 4,26,11,4
B03,"Alekhine Defense: Four Pawns Attack, Main Line",rnbqkb1r/ppp1pppp/1n1p4/4P3/2PP4/8/PP3PPP/RNBQKBNR w KQkq - 1 5,27,14,7
B03,"Alekhine Defense: Four Pawns Attack, Main Line",rnbqkb1r/pppppppp/5n2/4P3/8/8/PPPP1PPP/RNBQKBNR b KQkq - 0 2,63,75,18
B03,"Alekhine Defense: Four Pawns Attack, Main Line",rnbqkb1r/pppppppp/8/3nP3/8/8/PPPP1PPP/RNBQKBNR w KQkq - 1 3,62,75,18
B04,"Alekhine Defense: Modern Variation, Alburt Variation",rnbqkb1r/ppp1pppp/3p4/3nP3/3P4/5N2/PPP2PPP/RNBQKB1R b KQkq - 1 4,29,47,8
B05,"Alekhine Defense: Modern Variation, Main Line",rn1qkb1r/ppp1pppp/3p4/3nP3/3P2b1/5N2/PPP1BPPP/RNBQK2R b KQkq - 3 5,16,25,0
B05,"Alekhine Defense: Modern Variation, Main Line",rn1qkb1r/ppp1pppp/3p4/3nP3/3P2b1/5N2/PPP2PPP/RNBQKB1R w KQkq - 2 5,16,27,0
A58,"Benko Gambit Accepted: Fully Accepted Variation",rnbqkb1r/3ppppp/p4n2/1PpP4/8/8/PP2PPPP/RNBQKBNR w KQkq - 0 5,20,20,9
A58,"Benko Gambit Accepted: Fully Accepted Variation",rnbqkb1r/3ppppp/P4n2/2pP4/8/8/PP2PPPP/RNBQKBNR b KQkq - 0 5,9,12,5
A58,"Benko Gambit Accepted: Fully Accepted Variation",rnbqkb1r/p2ppppp/5n2/1PpP4/8/8/PP2PPPP/RNBQKBNR b KQkq - 0 4,20,20,9
A57,"Benko Gambit Declined: Main Line",rnbqkb1r/p2ppppp/5n2/1ppP4/2P5/8/PP2PPPP/RNBQKBNR w KQkq - 0 4,33,28,12
A57,"Benko Gambit Declined: Main Line",rnbqkb1r/pp1ppppp/5n2/2pP4/2P5/8/PP2PPPP/RNBQKBNR b KQkq - 0 3,111,114,25
A56,"Benoni Defense",rnbqkb1r/pp1ppp1p/5np1/2pP4/2P5/2N5/PP2PPPP/R1BQKBNR b KQkq - 1 4,18,19,4
A56,"Benoni Defense",rnbqkb1r/pp1ppp1p/5np1/2pP4/2P5/8/PP2PPPP/RNBQKBNR w KQkq - 0 4,17,16,3
A56,"Benoni Defense",rnbqk2r/pp2ppbp/3p1np1/2pP4/2P1P3/2N5/PP3PPP/R1BQKBNR w KQkq - 1 6,19,22,4
A43,"Benoni Defense: Benoni-Indian Defense",rnbqkbnr/pp1ppppp/8/2pP4/8/8/PPP1PPPP/RNBQKBNR b KQkq - 0 2,27,28,4
A43,"Benoni Defense: Benoni-Indian Defense",rnbqkbnr/pp1ppppp/8/2p5/3P4/8/PPP1PPPP/RNBQKBNR w KQkq - 0 2,33,31,5
A78,"Benoni Defense: Classical Variation, Czerniak Defense",rnbqkb1r/pp1p1ppp/5n2/2pp4/2P5/2N5/PP2PPPP/R1BQKBNR w KQkq - 0 5,38,33,8
A78,"Benoni Defense: Classical Variation, Czerniak Defense",rnbqkb1r/pp3p1p/3p1np1/2pP4/8/2N2N2/PP2PPPP/R1BQKB1R w KQkq - 0 7,18,17,6
A78,"Benoni Defense: Classical Variation, Czerniak Defense",rnbqkb1r/pp1p1ppp/4pn2/2pP4/2P5/2N5/PP2PPPP/R1BQKBNR b KQkq - 1 4,42,41,10
A78,"Benoni Defense: Classical Variation, Czerniak Defense",rnbqkb1r/pp3ppp/3p1n2/2pP4/8/2N2N2/PP2PPPP/R1BQKB1R b KQkq - 0 6,25,22,6
A78,"Benoni Defense: Classical Variation, Czerniak Defense",rnbqkb1r/pp1p1ppp/5n2/2pP4/8/2N5/PP2PPPP/R1BQKBNR b KQkq - 0 5,38,33,8
A78,"Benoni Defense: Classical Variation, Czerniak Defense",rnbqkb1r/pp3ppp/3p1n2/2pP4/8/2N5/PP2PPPP/R1BQKBNR w KQkq - 0 6,34,31,8
A56,"Benoni Defense: Czech Benoni Defense",rnbqkb1r/pp1p1ppp/5n2/2pPp3/2P5/2N5/PP2PPPP/R1BQKBNR b KQkq - 1 4,13,17,2
A56,"Benoni Defense: Czech Benoni Defense",rnbqkb1r/pp3ppp/3p1n2/2pPp3/2P5/2N5/PP2PPPP/R1BQKBNR w KQkq - 0 5,13,17,2
A56,"Benoni Defense: Czech Benoni Defense",rnbqkb1r/pp1p1ppp/5n2/2pPp3/2P5/8/PP2PPPP/RNBQKBNR w KQkq e6 0 4,13,17,2
A62,"Benoni Defense: Fianchetto Variation",rnbq1rk1/pp3pbp/3p1np1/2pP4/8/2N2NP1/PP2PPBP/R1BQK2R w KQ - 4 9,11,12,14
A62,"Benoni Defense: Fianchetto Variation",rnbqkb1r/pp1p1ppp/5n2/2pP4/8/6P1/PP2PP1P/RNBQKBNR b KQkq - 0 5,8,7,14
A62,"Benoni Defense: Fianchetto Variation",rnbqkb1r/pp3p1p/3p1np1/2pP4/8/2N3P1/PP2PP1P/R1BQKBNR w KQkq - 0 7,10,10,9
A62,"Benoni Defense: Fianchetto Variation",rnbqkb1r/pp1p1ppp/4pn2/2pP4/2P5/6P1/PP2PP1P/RNBQKBNR b KQkq - 0 4,8,8,14
A62,"Benoni Defense: Fianchetto Variation",rnbqkbnr/ppp1pp1p/3p2p1/8/3P4/5N2/PPP1PPPP/RNBQKB1R w KQkq - 0 3,14,11,7
A62,"Benoni Defense: Fianchetto Variation",rnbqkb1r/pp3ppp/3p1n2/2pP4/8/2N3P1/PP2PP1P/R1BQKBNR b KQkq - 1 6,10,10,8
A62,"Benoni Defense: Fianchetto Variation",rnbqkb1r/pp3p1p/3p1np1/2pP4/8/2N3P1/PP2PPBP/R1BQK1NR b KQkq - 1 7,9,10,11
A62,"Benoni Defense: Fianchetto Variation",rnbqkb1r/pp1p1ppp/4pn2/2p5/2PP4/6P1/PP2PP1P/RNBQKBNR w KQkq - 0 4,9,10,16
A62,"Benoni Defense: Fianchetto Variation",rnbqk2r/pp3pbp/3p1np1/2pP4/8/2N3P1/PP2PPBP/R1BQK1NR w KQkq - 2 8,9,10,11
A62,"Benoni Defense: Fianchetto Variation",rnbqr1k1/pp3pbp/3p1np1/2pP4/8/2N2NP1/PP2PPBP/R1BQ1RK1 w - - 6 10,12,11,15
A62,"Benoni Defense: Fianchetto Variation",rnbqkb1r/pp1p1ppp/5n2/2pp4/2P5/6P1/PP2PP1P/RNBQKBNR w KQkq - 0 5,8,7,14
A62,"Benoni Defense: Fianchetto Variation",rnbq1rk1/pp3pbp/3p1np1/2pP4/8/2N2NP1/PP2PPBP/R1BQ1RK1 b - - 5 9,16,13,16
A62,"Benoni Defense: Fianchetto Variation",rnbqk1nr/ppp1ppbp/3p2p1/8/2PP4/2N2N2/PP2PPPP/R1BQKB1R b KQkq - 1 4,27,14,6
A62,"Benoni Defense: Fianchetto Variation",rnbqk2r/pp3pbp/3p1np1/2pP4/8/2N2NP1/PP2PPBP/R1BQK2R b KQkq - 3 8,11,11,13
A62,"Benoni Defense: Fianchetto Variation",rnbqkb1r/pp3ppp/3p1n2/2pP4/8/6P1/PP2PP1P/RNBQKBNR w KQkq - 0 6,8,7,11
A56,"Benoni Defense: Hromádka System",rnbqkb1r/pp3ppp/3p1n2/2pPp3/2P1P3/2N5/PP3PPP/R1BQKBNR b KQkq - 2 5,14,17,1
A60,"Benoni Defense: Modern Variation",rnbqkb1r/pp1p1ppp/4pn2/2pP4/2P5/8/PP2PPPP/RNBQKBNR w KQkq - 0 4,42,45,8
A66,"Benoni Defense: Pawn Storm Variation",rnbqkb1r/pp3p1p/3p1np1/2pP4/4P3/2N5/PP3PPP/R1BQKBNR w KQkq - 0 7,19,19,6
A66,"Benoni Defense: Pawn Storm Variation",rnbqkb1r/pp3ppp/3p1n2/2pP4/4P3/2N5/PP3PPP/R1BQKBNR b KQkq - 0 6,19,19,6
A66,"Benoni Defense: Pawn Storm Variation",rnbqkb1r/pp3p1p/3p1np1/2pP4/4PP2/2N5/PP4PP/R1BQKBNR b KQkq - 0 7,17,14,1
A44,"Benoni Defense: Semi-Benoni",rnbqkbnr/pp1p1ppp/8/2pPp3/8/8/PPP1PPPP/RNBQKBNR w KQkq e6 0 3,15,17,1
A67,"Benoni Defense: Taimanov Variation",rnbqk2r/pp3pbp/3p1np1/1BpP4/4PP2/2N5/PP4PP/R1BQK1NR b KQkq - 2 8,15,13,0
A67,"Benoni Defense: Taimanov Variation",rnbqk2r/pp1n1pbp/3p2p1/1BpP4/4PP2/2N5/PP4PP/R1BQK1NR w KQkq - 3 9,15,13,0
A67,"Benoni Defense: Taimanov Variation",rnbqk2r/pp3pbp/3p1np1/2pP4/4PP2/2N5/PP4PP/R1BQKBNR w KQkq - 1 8,15,13,0
A02,"Bird Opening",rnbqkbnr/pppppppp/8/8/5P2/8/PPPPP1PP/RNBQKBNR b KQkq - 0 1,15,12,5
C24,"Bishop's Opening: Vienna Hybrid",rnbqkb1r/pppp1ppp/5n2/4p3/2B1P3/2N5/PPPP1PPP/R1BQK1NR b KQkq - 3 3,14,13,9
C24,"Bishop's Opening: Vienna Hybrid",r1bqkb1r/pppp1ppp/2n2n2/4p3/2B1P3/2NP4/PPP2PPP/R1BQK1NR b KQkq - 0 4,7,18,3
C24,"Bishop's Opening: Vienna Hybrid",rnbqkb1r/pppp1ppp/5n2/4p3/2B1P3/3P4/PPP2PPP/RNBQK1NR b KQkq - 0 3,16,14,4
C24,"Bishop's Opening: Vienna Hybrid",rnbqkb1r/pppp1ppp/5n2/4p3/2B1P3/8/PPPP1PPP/RNBQK1NR w KQkq - 2 3,20,18,6
C24,"Bishop's Opening: Vienna Hybrid",rnbqkb1r/pppp1ppp/5n2/4p3/4P3/2N5/PPPP1PPP/R1BQKBNR w KQkq - 2 3,17,30,22
E10,"Blumenfeld Countergambit Accepted",rnbqkb1r/p2p1ppp/4pn2/1ppP4/2P5/5N2/PP2PPPP/RNBQKB1R w KQkq - 0 5,12,8,7
E11,"Bogo-Indian Defense: Grünfeld Variation",rnbq1rk1/pppp1ppp/4pn2/8/1bPP4/P4N2/1P1NPPPP/R1BQKB1R b KQ - 0 5,11,8,10
E11,"Bogo-Indian Defense: Grünfeld Variation",rnbqk2r/p1pp1ppp/1p2pn2/8/1bPP4/5N2/PP1NPPPP/R1BQKB1R w KQkq - 0 5,10,14,3
E11,"Bogo-Indian Defense: Grünfeld Variation",rnbqk2r/pppp1ppp/4pn2/8/1bPP4/5N2/PP1NPPPP/R1BQKB1R b KQkq - 3 4,28,29,17
E11,"Bogo-Indian Defense: Grünfeld Variation",rnbq1rk1/pppp1ppp/4pn2/8/1bPP4/5N2/PP1NPPPP/R1BQKB1R w KQ - 4 5,13,9,10
E11,"Bogo-Indian Defense: Nimzowitsch Variation",rnbqk2r/pppp1ppp/4pn2/8/1bPP4/5N2/PP2PPPP/RNBQKB1R w KQkq - 2 4,47,76,36
E11,"Bogo-Indian Defense: Nimzowitsch Variation",rnbqkbnr/pppp1ppp/4p3/8/3P4/8/PPP1PPPP/RNBQKBNR w KQkq - 0 2,76,81,47
E11,"Bogo-Indian Defense: Nimzowitsch Variation",rnbqk2r/pppp1ppp/4pn2/8/1bPP4/5N2/PP1BPPPP/RN1QKB1R b KQkq - 3 4,14,44,19
E11,"Bogo-Indian Defense: Nimzowitsch Variation",rnb1k2r/ppppqppp/4pn2/8/1bPP4/5N2/PP1BPPPP/RN1QKB1R w KQkq - 4 5,3,21,6
E11,"Bogo-Indian Defense: Nimzowitsch Variation",rnbqkbnr/pppp1ppp/4p3/8/2PP4/8/PP2PPPP/RNBQKBNR b KQkq - 0 2,65,74,35
E11,"Bogo-Indian Defense: Retreat Variation",rnbqk2r/ppp2ppp/4pn2/3p4/1bPP4/5NP1/PP2PP1P/RNBQKB1R w KQkq - 1 5,61,94,67
E11,"Bogo-Indian Defense: Retreat Variation",rnbq1rk1/ppp1bppp/4pn2/3p4/2PP4/5NP1/PP1BPPBP/RN1QK2R w KQ - 2 7,37,60,42
E11,"Bogo-Indian Defense: Retreat Variation",rnbqk2r/ppp2ppp/4pn2/3p4/1bPP4/5NP1/PP1BPP1P/RN1QKB1R b KQkq - 2 5,47,78,60
E11,"Bogo-Indian Defense: Retreat Variation",rnbqk2r/ppp1bppp/4pn2/3p4/2PP4/5NP1/PP1BPP1P/RN1QKB1R w KQkq - 3 6,36,66,48
E11,"Bogo-Indian Defense: Retreat Variation",rnbq1rk1/pp2bppp/2p1pn2/3p4/2PP4/5NP1/PPQBPPBP/RN3RK1 b - - 1 8,17,34,23
E11,"Bogo-Indian Defense: Retreat Variation",rnbq1rk1/ppp1bppp/4pn2/3p4/2PP4/5NP1/PP1BPPBP/RN1Q1RK1 b - - 6 7,32,50,33
E11,"Bogo-Indian Defense: Retreat Variation",rnbq1rk1/pp2bppp/2p1pn2/3p4/2PP4/5NP1/PP1BPPBP/RN1Q1RK1 w - - 0 8,17,32,19
E11,"Bogo-Indian Defense: Retreat Variation",r1bq1rk1/1p1nbppp/2p1pn2/p2p4/2PP1B2/5NP1/PPQ1PPBP/RN3RK1 w - - 0 10,7,12,11
E11,"Bogo-Indian Defense: Retreat Variation",rnbqk2r/ppp1bppp/4pn2/3p4/2PP4/5NP1/PP1BPPBP/RN1QK2R b KQkq - 1 6,43,75,51
E11,"Bogo-Indian Defense: Wade-Smyslov Variation",rnbqk2r/1ppp1ppp/4pn2/p7/1bPP4/5N2/PP1BPPPP/RN1QKB1R w KQkq - 0 5,10,11,5
B15,"Caro-Kann Defense",rnbqkbnr/pp2pppp/2p5/3p4/3PP3/2N5/PPP2PPP/R1BQKBNR b KQkq - 1 3,61,68,25
B15,"Caro-Kann Defense",rnbqkbnr/pp2pppp/2p5/3p4/3PP3/8/PPP2PPP/RNBQKBNR w KQkq - 0 3,375,384,191
B10,"Caro-Kann Defense",rnbqkbnr/pp2pppp/2p5/3p4/4P3/2N5/PPPP1PPP/R1BQKBNR w KQkq - 0 3,26,27,15
B10,"Caro-Kann Defense",rnbqkbnr/pp1ppppp/2p5/8/4P3/2N5/PPPP1PPP/R1BQKBNR b KQkq - 1 2,27,27,15
B15,"Caro-Kann Defense",rnbqkbnr/pp1ppppp/2p5/8/3PP3/8/PPP2PPP/RNBQKBNR b KQkq - 0 2,389,399,195
B15,"Caro-Kann Defense",rnbqkbnr/pp2pppp/2p5/8/3Pp3/2N5/PPP2PPP/R1BQKBNR w KQkq - 0 4,53,62,24
B10,"Caro-Kann Defense",rnbqkbnr/pp1ppppp/2p5/8/4P3/8/PPPP1PPP/RNBQKBNR w KQkq - 0 2,480,520,244
B10,"Caro-Kann Defense: Accelerated Panov Attack, Modern Variation",rnbqkbnr/pp1ppppp/2p5/8/2P1P3/8/PP1P1PPP/RNBQKBNR b KQkq - 0 2,12,23,5
B10,"Caro-Kann Defense: Accelerated Panov Attack, Modern Variation",rnbqkbnr/pp1ppppp/2p5/8/2P5/8/PP1PPPPP/RNBQKBNR w KQkq - 0 2,28,36,12
B12,"Caro-Kann Defense: Advance Variation",rn1qkbnr/pp3ppp/2p1p3/3pPb2/3P4/8/PPPN1PPP/R1BQKBNR w KQkq - 0 5,20,10,8
B12,"Caro-Kann Defense: Advance Variation",rnbqkbnr/pp2pppp/2p5/3pP3/3P4/8/PPP2PPP/RNBQKBNR b KQkq - 0 3,234,205,104
B12,"Caro-Kann Defense: Advance Variation",rn1qkbnr/pp2pppp/2p5/3pPb2/3P4/8/PPP2PPP/RNBQKBNR w KQkq - 1 4,159,153,85
B12,"Caro-Kann Defense: Advance Variation",rn1qkbnr/pp3ppp/2p1p3/3pPb2/3P4/1N6/PPP2PPP/R1BQKBNR b KQkq - 1 5,20,10,8
B12,"Caro-Kann Defense: Advance Variation",rn1qkbnr/pp2pppp/2p5/3pPb2/3P4/8/PPPN1PPP/R1BQKBNR b KQkq - 2 4,21,10,8
B12,"Caro-Kann Defense: Advance Variation, Botvinnik-Carls Defense",rnbqkbnr/pp2pppp/8/2ppP3/3P4/5N2/PPP2PPP/RNBQKB1R b KQkq - 1 4,30,18,6
B12,"Caro-Kann Defense: Advance Variation, Botvinnik-Carls Defense",rnbqkbnr/pp2pppp/8/3pP3/3p4/5N2/PPP2PPP/RNBQKB1R w KQkq - 0 5,24,12,3
B12,"Caro-Kann Defense: Advance Variation, Botvinnik-Carls Defense",rnbqkbnr/pp3ppp/4p3/2PpP3/8/8/PPP2PPP/RNBQKBNR w KQkq - 0 5,29,21,9
B12,"Caro-Kann Defense: Advance Variation, Botvinnik-Carls Defense",rnbqkbnr/pp2pppp/8/2PpP3/8/8/PPP2PPP/RNBQKBNR b KQkq - 0 4,31,23,9
B12,"Caro-Kann Defense: Advance Variation, Botvinnik-Carls Defense",rnbqkbnr/pp2pppp/8/2ppP3/3P4/8/PPP2PPP/RNBQKBNR w KQkq - 0 4,66,45,19
B12,"Caro-Kann Defense: Advance Variation, Short Variation",rn1qkb1r/pp2nppp/2p1p3/3pPb2/3P4/5N2/PPP1BPPP/RNBQK2R w KQkq - 2 6,14,14,9
B12,"Caro-Kann Defense: Advance Variation, Short Variation",rn1qkbnr/pp3ppp/4p3/2ppPb2/3P4/5N2/PPP1BPPP/RNBQK2R w KQkq - 0 6,13,16,8
B12,"Caro-Kann Defense: Advance Variation, Short Variation",rn1qkbnr/pp3ppp/2p1p3/3pPb2/3P4/5N2/PPP2PPP/RNBQKB1R w KQkq - 0 5,55,50,38
B12,"Caro-Kann Defense: Advance Variation, Short Variation",rn1qkb1r/pp2nppp/2p1p3/3pPb2/3P4/5N2/PPP1BPPP/RNBQ1RK1 b kq - 3 6,10,12,4
B12,"Caro-Kann Defense: Advance Variation, Short Variation",r2qkbnr/pp1n1ppp/2p1p3/3pPb2/3P4/5N2/PPP1BPPP/RNBQ1RK1 b kq - 3 6,25,14,14
B12,"Caro-Kann Defense: Advance Variation, Short Variation",rn1qkbnr/pp2pppp/2p5/3pPb2/3P4/5N2/PPP2PPP/RNBQKB1R b KQkq - 2 4,55,50,38
B12,"Caro-Kann Defense: Advance Variation, Short Variation",rn1qkbnr/pp3ppp/2p1p3/3pPb2/3P4/5N2/PPP1BPPP/RNBQK2R b KQkq - 1 5,54,50,39
B12,"Caro-Kann Defense: Advance Variation, Short Variation",r2qkbnr/pp1n1ppp/2p1p3/3pPb2/3P4/5N2/PPP1BPPP/RNBQK2R w KQkq - 2 6,25,15,16
B12,"Caro-Kann Defense: Advance Variation, Tal Variation",rn1qkbnr/pp2ppp1/2p5/3pPb1p/2PP3P/8/PP3PP1/RNBQKBNR b KQkq - 0 5,18,9,7
B12,"Caro-Kann Defense: Advance Variation, Tal Variation",rn2kbnr/pp3pp1/2p1p3/q2pP2p/3P3P/3Q4/PPPN1PP1/R1B1K1NR w KQkq - 0 8,9,18,3
B12,"Caro-Kann Defense: Advance Variation, Tal Variation",rn1qkbnr/pp3pp1/2p1p3/3pPb1p/2PP3P/8/PP3PP1/RNBQKBNR w KQkq - 0 6,17,8,7
B12,"Caro-Kann Defense: Advance Variation, Tal Variation",rn1qkbnr/pp2ppp1/2p5/3pPb1p/3P3P/3B4/PPP2PP1/RNBQK1NR b KQkq - 1 5,20,29,12
B12,"Caro-Kann Defense: Advance Variation, Tal Variation",rn1qkbnr/pp2ppp1/2p5/3pP2p/3P3P/3Q4/PPP2PP1/RNB1K1NR b KQkq - 0 6,17,26,12
B12,"Caro-Kann Defense: Advance Variation, Tal Variation",rn1qkbnr/pp2ppp1/2p5/3pPb1p/3P3P/8/PPP2PP1/RNBQKBNR w KQkq - 0 5,39,39,22
B12,"Caro-Kann Defense: Advance Variation, Tal Variation",rn2kbnr/pp2ppp1/2p5/q2pP2p/3P3P/3Q4/PPPN1PP1/R1B1K1NR b KQkq - 2 7,9,18,3
B12,"Caro-Kann Defense: Advance Variation, Tal Variation",rn1qkbnr/pp3pp1/2p1p3/3pPb1p/2PP3P/2N5/PP3PP1/R1BQKBNR b KQkq - 1 6,17,8,7
B12,"Caro-Kann Defense: Advance Variation, Tal Variation",rn2kbnr/pp2ppp1/2p5/q2pP2p/3P3P/3Q4/PPP2PP1/RNB1K1NR w KQkq - 1 7,13,22,6
B12,"Caro-Kann Defense: Advance Variation, Tal Variation",rn1qkbnr/pp2pppp/2p5/3pPb2/3P3P/8/PPP2PP1/RNBQKBNR b KQkq - 0 4,53,57,27
B12,"Caro-Kann Defense: Advance Variation, Tal Variation",rn2kbnr/pp3pp1/2p1p3/q2pP2p/3P3P/3Q1N2/PPPN1PP1/R1B1K2R b KQkq - 1 8,8,15,5
B12,"Caro-Kann Defense: Advance Variation, Tal Variation",rn1qkbnr/pp2ppp1/2p5/3pP2p/3P3P/3b4/PPP2PP1/RNBQK1NR w KQkq - 0 6,18,26,12
B12,"Caro-Kann Defense: Advance Variation, Van der Wiel Attack",rn1qkbnr/pp2pppp/2p5/3pPb2/3P4/2N5/PPP2PPP/R1BQKBNR b KQkq - 2 4,9,14,4
B16,"Caro-Kann Defense: Bronstein-Larsen Variation",rnbqkb1r/pp2pp1p/2p2p2/8/3P4/8/PPP2PPP/R1BQKBNR w KQkq - 0 6,10,18,0
B18,"Caro-Kann Defense: Classical Variation",rnbqkbnr/pp2pppp/2p5/3p4/3PP3/8/PPPN1PPP/R1BQKBNR b KQkq - 1 3,28,26,11
B18,"Caro-Kann Defense: Classical Variation",rnbqkbnr/pp2pppp/2p5/8/3Pp3/8/PPPN1PPP/R1BQKBNR w KQkq - 0 4,17,21,10
B18,"Caro-Kann Defense: Classical Variation",rn1qkbnr/pp2pppp/2p5/5b2/3PN3/8/PPP2PPP/R1BQKBNR w KQkq - 1 5,9,17,9
B18,"Caro-Kann Defense: Classical Variation",rnbqkbnr/pp2pppp/2p5/8/3PN3/8/PPP2PPP/R1BQKBNR b KQkq - 0 4,70,82,34
B18,"Caro-Kann Defense: Classical Variation",rn1qkbnr/pp2pppp/2p3b1/8/3P4/6N1/PPP2PPP/R1BQKBNR w KQkq - 3 6,9,15,7
B18,"Caro-Kann Defense: Classical Variation",rn1qkbnr/pp2pppp/2p5/5b2/3P4/6N1/PPP2PPP/R1BQKBNR b KQkq - 2 5,9,15,7
B10,"Caro-Kann Defense: Endgame Offer",rnbqkbnr/pp2pppp/2p5/3p4/4P3/3P1N2/PPP2PPP/RNBQKB1R b KQkq - 0 3,23,27,10
B10,"Caro-Kann Defense: Endgame Offer",rnbqkbnr/pp2pp1p/2p3p1/3p4/4P3/3P1N2/PPP2PPP/RNBQKB1R w KQkq - 0 4,14,7,5
B13,"Caro-Kann Defense: Exchange Variation",rnbqkbnr/pp2pppp/2p5/3P4/3P4/8/PPP2PPP/RNBQKBNR b KQkq - 0 3,45,69,43
B13,"Caro-Kann Defense: Exchange Variation",rnbqkbnr/pp2pppp/8/3p4/3P4/8/PPP2PPP/RNBQKBNR w KQkq - 0 4,42,66,43
B13,"Caro-Kann Defense: Exchange Variation",rnbqkbnr/pp2pppp/8/3p4/3P4/3B4/PPP2PPP/RNBQK1NR b KQkq - 1 4,23,38,26
B13,"Caro-Kann Defense: Exchange Variation, Rubinstein Variation",r1bqkbnr/pp2pppp/2n5/3p4/3P4/3B4/PPP2PPP/RNBQK1NR w KQkq - 2 5,18,29,20
B13,"Caro-Kann Defense: Exchange Variation, Rubinstein Variation",r1bqkbnr/pp2pppp/2n5/3p4/3P4/2PB4/PP3PPP/RNBQK1NR b KQkq - 0 5,18,29,20
B13,"Caro-Kann Defense: Exchange Variation, Rubinstein Variation",r1bqkb1r/pp2pppp/2n2n2/3p4/3P4/2PB4/PP3PPP/RNBQK1NR w KQkq - 1 6,9,14,11
B13,"Caro-Kann Defense: Exchange Variation, Rubinstein Variation",r1bqkb1r/pp2pppp/2n2n2/3p4/3P1B2/2PB4/PP3PPP/RN1QK1NR b KQkq - 2 6,7,10,8
B12,"Caro-Kann Defense: Maróczy Variation",rnbqkbnr/pp2pppp/2p5/3p4/3PP3/5P2/PPP3PP/RNBQKBNR b KQkq - 0 3,11,18,8
B14,"Caro-Kann Defense: Panov Attack, Fianchetto Defense",rnbqkbnr/pp2pppp/8/3p4/2PP4/8/PP3PPP/RNBQKBNR b KQkq - 0 4,13,18,14
B14,"Caro-Kann Defense: Panov Attack, Fianchetto Defense",rnbqkb1r/pp2pppp/5n2/3p4/2PP4/2N5/PP3PPP/R1BQKBNR b KQkq - 2 5,12,16,14
B14,"Caro-Kann Defense: Panov Attack, Fianchetto Defense",rnbqkb1r/pp2pppp/5n2/3p4/2PP4/8/PP3PPP/RNBQKBNR w KQkq - 1 5,12,16,14
B15,"Caro-Kann Defense: Tartakower Variation",rnbqkb1r/pp3ppp/2p2p2/8/3P4/2P5/PP3PPP/R1BQKBNR b KQkq - 0 6,27,23,17
B15,"Caro-Kann Defense: Tartakower Variation",rnbq1rk1/pp3ppp/2pb1p2/8/3P4/2PB4/PPQ2PPP/R1B1K1NR b KQ - 4 8,17,16,10
B15,"Caro-Kann Defense: Tartakower Variation",rnbqr1k1/pp3ppp/2pb1p2/8/3P4/2PB4/PPQ1NPPP/R1B1K2R b KQ - 6 9,15,18,10
B15,"Caro-Kann Defense: Tartakower Variation",rnbqk2r/pp3ppp/2pb1p2/8/3P4/2PB4/PP3PPP/R1BQK1NR b KQkq - 2 7,25,21,17
B15,"Caro-Kann Defense: Tartakower Variation",rnbqr1k1/pp3ppp/2pb1p2/8/3P4/2PB4/PPQ2PPP/R1B1K1NR w KQ - 5 9,14,16,8
B15,"Caro-Kann Defense: Tartakower Variation",rnbqk2r/pp3ppp/2pb1p2/8/3P4/2P5/PP3PPP/R1BQKBNR w KQkq - 1 7,25,21,17
B15,"Caro-Kann Defense: Tartakower Variation",rnbqkb1r/pp2pppp/2p2n2/8/3PN3/8/PPP2PPP/R1BQKBNR w KQkq - 1 5,50,56,23
B15,"Caro-Kann Defense: Tartakower Variation",rnbqkb1r/pp3ppp/2p2p2/8/3P4/8/PPP2PPP/R1BQKBNR w KQkq - 0 6,38,37,23
B15,"Caro-Kann Defense: Tartakower Variation",rnbqr1k1/pp3pp1/2pb1p2/7p/3P4/2PB4/PPQ1NPPP/R1B1K2R w KQ - 0 10,14,12,9
B15,"Caro-Kann Defense: Tartakower Variation",rnbqkb1r/pp2pppp/2p2N2/8/3P4/8/PPP2PPP/R1BQKBNR b KQkq - 0 5,48,55,23
B15,"Caro-Kann Defense: Tartakower Variation",rnbqr1k1/pp3pp1/2pb1p2/7p/3P4/2PB4/PPQ1NPPP/R1B2RK1 b - - 1 10,11,10,5
B15,"Caro-Kann Defense: Tartakower Variation",rnbq1rk1/pp3ppp/2pb1p2/8/3P4/2PB4/PP3PPP/R1BQK1NR w KQ - 3 8,24,21,15
B10,"Caro-Kann Defense: Two Knights Attack",rnbqkbnr/pp2pppp/2p5/3p4/4P3/2N2N2/PPPP1PPP/R1BQKB1R b KQkq - 1 3,37,64,25
B10,"Caro-Kann Defense: Two Knights Attack",rnbqkbnr/pp2pppp/2p5/8/4p3/2N2N2/PPPP1PPP/R1BQKB1R w KQkq - 0 4,13,31,11
B10,"Caro-Kann Defense: Two Knights Attack",rnbqkbnr/pp2pppp/2p5/3p4/4P3/5N2/PPPP1PPP/RNBQKB1R w KQkq - 0 3,48,71,26
B10,"Caro-Kann Defense: Two Knights Attack",rnbqkbnr/pp1ppppp/2p5/8/4P3/5N2/PPPP1PPP/RNBQKB1R b KQkq - 1 2,48,71,27
B10,"Caro-Kann Defense: Two Knights Attack",rnbqkb1r/pp2pppp/2p2n2/8/4N3/5N2/PPPP1PPP/R1BQKB1R w KQkq - 1 5,12,31,11
B10,"Caro-Kann Defense: Two Knights Attack",rnbqkbnr/pp2pppp/2p5/8/4N3/5N2/PPPP1PPP/R1BQKB1R b KQkq - 0 4,13,31,11
B10,"Caro-Kann Defense: Two Knights Attack",rnbqkb1r/pp2pppp/2p5/8/4n3/5N2/PPPPQPPP/R1B1KB1R w KQkq - 0 6,8,18,3
B10,"Caro-Kann Defense: Two Knights Attack",rnbqkb1r/pp2pppp/2p2n2/8/4N3/5N2/PPPPQPPP/R1B1KB1R b KQkq - 2 5,11,23,10
B10,"Caro-Kann Defense: Two Knights Attack",rnbqkb1r/pp2pppp/2p5/8/4Q3/5N2/PPPP1PPP/R1B1KB1R b KQkq - 0 6,8,18,3
B11,"Caro-Kann Defense: Two Knights Attack, Mindeno Variation, Exchange Line",rn1qkbnr/pp3ppp/2p1p3/3p4/4P3/2N2Q1P/PPPP1PP1/R1B1KB1R w KQkq - 0 6,11,23,4
B11,"Caro-Kann Defense: Two Knights Attack, Mindeno Variation, Exchange Line",rn1qkbnr/pp2pppp/2p5/3p4/4P1b1/2N2N2/PPPP1PPP/R1BQKB1R w KQkq - 2 4,11,29,9
B11,"Caro-Kann Defense: Two Knights Attack, Mindeno Variation, Exchange Line",rn1qkbnr/pp2pppp/2p5/3p4/4P3/2N2b1P/PPPP1PP1/R1BQKB1R w KQkq - 0 5,11,28,7
B11,"Caro-Kann Defense: Two Knights Attack, Mindeno Variation, Exchange Line",rn1qkbnr/pp2pppp/2p5/3p4/4P1b1/2N2N1P/PPPP1PP1/R1BQKB1R b KQkq - 0 4,11,28,8
B11,"Caro-Kann Defense: Two Knights Attack, Mindeno Variation, Exchange Line",rn1qkbnr/pp2pppp/2p5/3p4/4P3/2N2Q1P/PPPP1PP1/R1B1KB1R b KQkq - 0 5,11,28,7
E00,"Catalan Opening",rnbqk2r/pppp1ppp/4pn2/8/1bPP4/6P1/PP2PP1P/RNBQKBNR w KQkq - 1 4,25,11,7
E00,"Catalan Opening",rnbqk2r/pppp1ppp/4pn2/8/1bPP4/6P1/PP1BPP1P/RN1QKBNR b KQkq - 2 4,19,7,4
E01,"Catalan Opening: Closed",rnbq1rk1/ppp2ppp/4pn2/3p4/1bPP4/5NP1/PP1NPPBP/R1BQK2R b KQ - 5 6,16,21,8
E01,"Catalan Opening: Closed",rnbqk2r/ppp2ppp/4pn2/3p4/1bPP4/6P1/PP2PPBP/RNBQK1NR w KQkq - 2 5,15,21,8
E01,"Catalan Opening: Closed",rnbq1rk1/ppp2ppp/4pn2/3p4/1bPP4/6P1/PP1NPPBP/R1BQK1NR w KQ - 4 6,13,12,6
E06,"Catalan Opening: Closed",rnbqk2r/ppp1bppp/4pn2/3p4/2PP4/5NP1/PP2PP1P/RNBQKB1R w KQkq - 1 5,48,76,39
E08,"Catalan Opening: Closed",r1bq1rk1/pppnbppp/4pn2/3p4/2PP4/5NP1/PPQBPPBP/RN3RK1 b - - 8 8,16,13,13
E08,"Catalan Opening: Closed",r1bq1rk1/pp1nbppp/2p1pn2/3p4/2PP4/5NP1/PPQBPPBP/RN3RK1 w - - 2 9,28,43,32
E01,"Catalan Opening: Closed",rnbqk2r/ppp2ppp/4pn2/3p4/1bPP4/6P1/PP1NPPBP/R1BQK1NR b KQkq - 3 5,12,13,6
E06,"Catalan Opening: Closed",rnbq1rk1/1pp1bppp/4pn2/p2p4/2PP4/5NP1/PP2PPBP/RNBQ1RK1 w - - 0 7,10,11,12
E06,"Catalan Opening: Closed",rnbqk2r/ppp1bppp/4pn2/3p4/2PP4/5NP1/PP2PPBP/RNBQK2R b KQkq - 2 5,71,109,49
E01,"Catalan Opening: Closed",rnbq1rk1/p1p2ppp/1p2pn2/3p4/1bPP4/5NP1/PP1NPPBP/R1BQK2R w KQ - 0 7,8,13,4
E06,"Catalan Opening: Closed",rnbq1rk1/pp2bppp/2p1pn2/3p4/2PP4/5NP1/PPQ1PPBP/RNB2RK1 b - - 1 7,8,12,8
E08,"Catalan Opening: Closed",r1bq1rk1/pp1nbppp/2p1pn2/3p4/2PP1B2/5NP1/PPQ1PPBP/RN3RK1 b - - 5 9,14,27,19
E06,"Catalan Opening: Closed",rnbq1rk1/ppp1bppp/4pn2/3p4/2PP4/5NP1/PP2PPBP/RNBQK2R w KQ - 3 6,70,107,40
E06,"Catalan Opening: Closed",rnbqk2r/ppp1bppp/4pn2/3p4/2PP4/6P1/PP2PPBP/RNBQK1NR w KQkq - 2 5,9,14,5
E08,"Catalan Opening: Closed",r1bq1rk1/pppnbppp/4pn2/3p4/2PP4/5NP1/PP1BPPBP/RN1Q1RK1 w - - 7 8,15,14,13
E02,"Catalan Opening: Open Defense",rnbqkb1r/ppp2ppp/4pn2/8/2pP4/6P1/PP2PPBP/RNBQK1NR w KQkq - 0 5,10,12,4
E04,"Catalan Opening: Open Defense",rnbqkb1r/pp3ppp/4pn2/2p5/2pP4/5NP1/PP2PPBP/RNBQK2R w KQkq - 0 6,10,11,5
E04,"Catalan Opening: Open Defense",rnbqkb1r/1pp2ppp/p3pn2/8/2pP4/5NP1/PP2PPBP/RNBQK2R w KQkq - 0 6,13,9,13
E02,"Catalan Opening: Open Defense",rnbqkb1r/ppp2ppp/4pn2/3p4/2PP4/6P1/PP2PPBP/RNBQK1NR b KQkq - 1 4,38,55,18
E02,"Catalan Opening: Open Defense",rnbqkb1r/pppp1ppp/4pn2/8/2PP4/6P1/PP2PP1P/RNBQKBNR b KQkq - 0 3,79,90,61
E04,"Catalan Opening: Open Defense",rnbqkb1r/pp3ppp/4pn2/2p5/2pP4/5NP1/PP2PPBP/RNBQ1RK1 b kq - 1 6,10,11,4
E04,"Catalan Opening: Open Defense",rnbqkb1r/1pp2ppp/p3pn2/8/2pP4/5NP1/PP2PPBP/RNBQ1RK1 b kq - 1 6,10,6,11
E02,"Catalan Opening: Open Defense",rnbqkb1r/ppp2ppp/4pn2/3p4/2PP4/6P1/PP2PP1P/RNBQKBNR w KQkq - 0 4,46,67,40
E04,"Catalan Opening: Open Defense",r1bqkb1r/pp3ppp/2n1pn2/2p5/2pP4/5NP1/PP2PPBP/RNBQ1RK1 w kq - 2 7,17,21,7
E05,"Catalan Opening: Open Defense, Classical Line",rnbq1rk1/ppp1bppp/4pn2/8/2pP4/5NP1/PPQ1PPBP/RNB2RK1 b - - 1 7,24,58,20
E05,"Catalan Opening: Open Defense, Classical Line",rnbqkb1r/ppp1pppp/5n2/3p4/3P4/5NP1/PPP1PP1P/RNBQKB1R b KQkq - 0 3,19,31,15
E05,"Catalan Opening: Open Defense, Classical Line",rnbqkb1r/pppp1ppp/4pn2/8/3P4/5NP1/PPP1PP1P/RNBQKB1R b KQkq - 0 3,14,20,16
E05,"Catalan Opening: Open Defense, Classical Line",rnbqkbnr/ppp2ppp/4p3/3p4/2P5/6P1/PP1PPPBP/RNBQK1NR b KQkq - 1 3,53,49,25
E05,"Catalan Opening: Open Defense, Classical Line",rnbq1rk1/ppp1bppp/4pn2/3p4/2PP4/5NP1/PP2PPBP/RNBQ1RK1 b - - 0 6,64,114,49
E05,"Catalan Opening: Open Defense, Classical Line",rnbq1rk1/ppp1bppp/4pn2/8/2pP4/5NP1/PP2PPBP/RNBQ1RK1 w - - 0 7,32,70,25
E05,"Catalan Opening: Open Defense, Classical Line",rnbqkb1r/ppp2ppp/4pn2/3p4/3P4/5NP1/PPP1PPBP/RNBQK2R b KQkq - 1 4,17,32,9
E05,"Catalan Opening: Open Defense, Classical Line",rnbqkbnr/pppp1ppp/4p3/8/2P5/6P1/PP1PPP1P/RNBQKBNR b KQkq - 0 2,63,60,31
E05,"Catalan Opening: Open Defense, Classical Line",rnbqkbnr/ppp2ppp/4p3/3p4/2P5/6P1/PP1PPP1P/RNBQKBNR w KQkq - 0 3,55,51,27
E05,"Catalan Opening: Open Defense, Classical Line",rnbqk2r/ppp1bppp/4pn2/3p4/8/5NP1/PPPPPPBP/RNBQ1RK1 w kq - 2 5,47,54,23
E05,"Catalan Opening: Open Defense, Classical Line",rnbqkb1r/ppp2ppp/4pn2/3p4/3P4/5NP1/PPP1PP1P/RNBQKB1R w KQkq - 0 4,13,22,7
E05,"Catalan Opening: Open Defense, Classical Line",rnbq1rk1/1pp1bppp/p3pn2/8/P1pP4/5NP1/1PQ1PPBP/RNB2RK1 b - - 0 8,11,31,13
E05,"Catalan Opening: Open Defense, Classical Line",rnbq1rk1/1pp1bppp/p3pn2/8/2pP4/5NP1/PPQ1PPBP/RNB2RK1 w - - 0 8,13,34,14
E05,"Catalan Opening: Open Defense, Classical Line",rn1q1rk1/1ppbbppp/p3pn2/8/P1QP4/5NP1/1P2PPBP/RNB2RK1 b - - 0 9,9,14,5
E05,"Catalan Opening: Open Defense, Classical Line",rn1q1rk1/1pp1bppp/p1b1pn2/8/P1QP4/5NP1/1P2PPBP/RNB2RK1 w - - 1 10,9,14,5
E05,"Catalan Opening: Open Defense, Classical Line",rnbqkb1r/ppp2ppp/4pn2/3p4/2P5/6P1/PP1PPPBP/RNBQK1NR w KQkq - 0 4,50,59,27
E05,"Catalan Opening: Open Defense, Classical Line",rnbqk2r/ppp1bppp/4pn2/3p4/3P4/5NP1/PPP1PPBP/RNBQK2R w KQkq - 2 5,7,18,6
E05,"Catalan Opening: Open Defense, Classical Line",rn1q1rk1/1ppbbppp/p3pn2/8/P1pP4/5NP1/1PQ1PPBP/RNB2RK1 w - - 1 9,11,20,10
E04,"Catalan Opening: Open Defense, Modern Sharp Variation",rnbqkbnr/ppp2ppp/4p3/3p4/2PP4/5N2/PP2PPPP/RNBQKB1R b KQkq - 1 3,149,173,89
E04,"Catalan Opening: Open Defense, Modern Sharp Variation",rnbqkb1r/ppp2ppp/4pn2/8/2pP4/5NP1/PP2PPBP/RNBQK2R b KQkq - 1 5,40,55,33
C21,"Center Game Accepted",rnbqkbnr/pppp1ppp/8/4p3/3PP3/8/PPP2PPP/RNBQKBNR b KQkq - 0 2,14,10,6
A80,"Dutch Defense",rnbqkb1r/ppppp1pp/5n2/5p2/3P4/5N2/PPP1PPPP/RNBQKB1R w KQkq - 2 3,10,7,10
A80,"Dutch Defense",rnbqkbnr/ppppp1pp/8/5p2/3P4/5N2/PPP1PPPP/RNBQKB1R b KQkq - 1 2,11,7,10
A80,"Dutch Defense",rnbqkb1r/pppp2pp/4pn2/5p2/3P4/5NP1/PPP1PPBP/RNBQK2R b KQkq - 1 4,10,15,1
A96,"Dutch Defense: Classical Variation",rnbq1rk1/ppp1b1pp/3ppn2/5p2/2PP4/5NP1/PP2PPBP/RNBQ1RK1 w - - 0 7,7,22,1
A91,"Dutch Defense: Classical Variation",rnbqkb1r/pppp2pp/4pn2/5p2/2PP4/6P1/PP2PPBP/RNBQK1NR b KQkq - 2 4,8,21,6
A96,"Dutch Defense: Classical Variation",rnbq1rk1/ppp1b1pp/3ppn2/5p2/2PP4/2N2NP1/PP2PPBP/R1BQ1RK1 b - - 1 7,7,21,1
A90,"Dutch Defense: Classical Variation",rnbqkbnr/pppp2pp/4p3/5p2/2PP4/8/PP2PPPP/RNBQKBNR w KQkq - 0 3,12,17,12
A96,"Dutch Defense: Classical Variation",rnbq1rk1/ppppb1pp/4pn2/5p2/2PP4/5NP1/PP2PPBP/RNBQ1RK1 b - - 5 6,7,22,1
A91,"Dutch Defense: Classical Variation",rnbqkb1r/pppp2pp/4pn2/5p2/3P4/6P1/PPP1PPBP/RNBQK1NR w KQkq - 0 4,10,15,0
A89,"Dutch Defense: Leningrad Variation, Matulovic Variation",rnbqkbnr/ppp1pppp/3p4/8/3P4/5N2/PPP1PPPP/RNBQKB1R b KQkq - 1 2,70,78,25
A89,"Dutch Defense: Leningrad Variation, Matulovic Variation",rnbqkbnr/ppp1pppp/3p4/8/8/5N2/PPPPPPPP/RNBQKB1R w KQkq - 0 2,16,15,10
A85,"Dutch Defense: Queen's Knight Variation",rnbqkbnr/ppppp1pp/8/5p2/2PP4/8/PP2PPPP/RNBQKBNR b KQkq - 0 2,25,41,5
A85,"Dutch Defense: Queen's Knight Variation",rnbqkb1r/ppppp1pp/5n2/5p2/2PP4/2N5/PP2PPPP/R1BQKBNR b KQkq - 2 3,11,19,4
A85,"Dutch Defense: Queen's Knight Variation",rnbqkb1r/ppppp1pp/5n2/5p2/2PP4/8/PP2PPPP/RNBQKBNR w KQkq - 1 3,22,39,4
A81,"Dutch Defense: Semi-Leningrad Variation",rnbqkbnr/ppppp1pp/8/5p2/3P4/6P1/PPP1PP1P/RNBQKBNR b KQkq - 0 2,21,40,5
A81,"Dutch Defense: Semi-Leningrad Variation",rnbq1rk1/ppppp1bp/5np1/5p2/2PP4/5NP1/PP2PPBP/RNBQ1RK1 b - - 4 6,11,16,9
A81,"Dutch Defense: Semi-Leningrad Variation",rnbqk2r/ppppp1bp/5np1/5p2/3P4/5NP1/PPP1PPBP/RNBQK2R w KQkq - 2 5,10,18,8
A81,"Dutch Defense: Semi-Leningrad Variation",rnbq1rk1/ppp1p1bp/3p1np1/5p2/2PP4/2N2NP1/PP2PPBP/R1BQ1RK1 b - - 1 7,13,21,11
A81,"Dutch Defense: Semi-Leningrad Variation",rnbqk2r/ppppp1bp/5np1/5p2/3P4/5NP1/PPP1PPBP/RNBQ1RK1 b kq - 3 5,9,14,8
A81,"Dutch Defense: Semi-Leningrad Variation",rnbq1rk1/ppp1p1bp/3p1np1/5p2/2PP4/5NP1/PP2PPBP/RNBQ1RK1 w - - 0 7,13,19,10
A81,"Dutch Defense: Semi-Leningrad Variation",rnbqkb1r/ppppp1pp/5n2/5p2/3P4/6P1/PPP1PP1P/RNBQKBNR w KQkq - 1 3,20,37,5
A81,"Dutch Defense: Semi-Leningrad Variation",rnbq1rk1/ppppp1bp/5np1/5p2/3P4/5NP1/PPP1PPBP/RNBQ1RK1 w - - 4 6,9,14,8
A81,"Dutch Defense: Semi-Leningrad Variation",rnbqkb1r/ppppp2p/5np1/5p2/3P4/5NP1/PPP1PPBP/RNBQK2R b KQkq - 1 4,8,18,8
A81,"Dutch Defense: Semi-Leningrad Variation",rnbqkb1r/ppppp2p/5np1/5p2/3P4/6P1/PPP1PPBP/RNBQK1NR w KQkq - 0 4,9,23,5
A81,"Dutch Defense: Semi-Leningrad Variation",rnbqkb1r/ppppp1pp/5n2/5p2/3P4/6P1/PPP1PPBP/RNBQK1NR b KQkq - 2 3,19,36,5
A81,"Dutch Defense: Semi-Leningrad Variation",rnbqkbnr/ppppp1pp/8/5p2/3P4/8/PPP1PPPP/RNBQKBNR w KQkq - 0 2,67,110,24
A90,"Dutch Defense: Stonewall Variation, Modern Variation",rnbqkb1r/pppp2pp/4pn2/5p2/2PP4/6P1/PP2PP1P/RNBQKBNR w KQkq - 1 4,8,19,6
A48,"East Indian Defense",rnbqkb1r/pppppp1p/5np1/8/3P4/5N2/PPPNPPPP/R1BQKB1R b KQkq - 1 3,16,13,9
A40,"English Defense",rnbqkbnr/p1pp1ppp/1p2p3/8/2PP4/8/PP2PPPP/RNBQKBNR w KQkq - 0 3,15,19,12
A10,"English Opening",rnbqkbnr/p1pppppp/1p6/8/2P5/8/PP1PPPPP/RNBQKBNR w KQkq - 0 2,16,19,12
A10,"English Opening",rnbqkbnr/ppp2ppp/3p4/4p3/2P5/2N5/PP1PPPPP/R1BQKBNR w KQkq - 0 3,9,14,4
A10,"English Opening",rn1qkb1r/pbpppppp/1p3n2/8/2PP4/2N5/PP2PPPP/R1BQKBNR w KQkq - 2 4,21,25,15
A13,"English Opening: Agincourt Defense",rnbqkb1r/pppp1ppp/4pn2/8/2P5/6P1/PP1PPP1P/RNBQKBNR w KQkq - 0 3,13,22,9
A13,"English Opening: Agincourt Defense",rnbqkbnr/ppp2ppp/4p3/8/2Pp4/5NP1/PP1PPPBP/RNBQK2R b KQkq - 1 4,17,10,10
A13,"English Opening: Agincourt Defense",rnbqkbnr/ppp2ppp/4p3/3p4/2P5/4PN2/PP1P1PPP/RNBQKB1R b KQkq - 0 3,18,14,8
A13,"English Opening: Agincourt Defense",rnbqkb1r/ppp2ppp/4pn2/8/2Pp4/5NP1/PP1PPPBP/RNBQK2R w KQkq - 0 5,36,28,21
A13,"English Opening: Agincourt Defense",rnbqkb1r/ppp2ppp/4pn2/8/2Pp4/5NP1/PP1PPPBP/RNBQ1RK1 b kq - 1 5,21,20,16
A13,"English Opening: Agincourt Defense",rnbqkb1r/pppp1ppp/4pn2/8/2P5/6P1/PP1PPPBP/RNBQK1NR b KQkq - 1 3,13,22,9
A13,"English Opening: Agincourt Defense, Bogoljubow Defense",r1bq1rk1/ppp2ppp/2nbpn2/3p4/2PP4/5NP1/PP2PPBP/RNBQ1RK1 w - - 1 7,6,10,9
A13,"English Opening: Agincourt Defense, Catalan Defense Accepted",rnbqkb1r/ppp2ppp/4pn2/8/2p5/5NP1/PP1PPPBP/RNBQK2R w KQkq - 0 5,18,28,8
A13,"English Opening: Agincourt Defense, Catalan Defense Accepted",rnbqkb1r/ppp2ppp/4pn2/8/Q1p5/5NP1/PP1PPPBP/RNB1K2R b KQkq - 1 5,17,26,4
A13,"English Opening: Agincourt Defense, Catalan Defense Accepted",rn1qkb1r/pppb1ppp/4pn2/8/Q1p5/5NP1/PP1PPPBP/RNB1K2R w KQkq - 2 6,11,12,2
A13,"English Opening: Agincourt Defense, Catalan Defense Accepted",rn1qkb1r/pp1b1ppp/4pn2/2p5/2Q5/5NP1/PP1PPPBP/RNB1K2R w KQkq - 0 7,11,12,2
A13,"English Opening: Agincourt Defense, Catalan Defense Accepted",rn1qkb1r/pppb1ppp/4pn2/8/2Q5/5NP1/PP1PPPBP/RNB1K2R b KQkq - 0 6,11,12,2
A14,"English Opening: Agincourt Defense, Neo-Catalan Declined",rnbq1rk1/pp2bppp/2p1pn2/3p4/2PP4/2N2NP1/PP2PPBP/R1BQ1RK1 b - - 4 7,10,12,6
A14,"English Opening: Agincourt Defense, Neo-Catalan Declined",rnbq1rk1/ppp1bppp/4pn2/3p4/2P5/5NP1/PP1PPPBP/RNBQ1RK1 w - - 1 6,54,71,32
A14,"English Opening: Agincourt Defense, Neo-Catalan Declined",rnbqkbnr/ppp1pppp/8/3p4/2P5/5N2/PP1PPPPP/RNBQKB1R b KQkq - 0 2,50,42,41
A14,"English Opening: Agincourt Defense, Neo-Catalan Declined",rnbq1rk1/ppp1bppp/4pn2/3p4/2P5/3P1NP1/PP2PPBP/RNBQ1RK1 b - - 0 6,12,11,2
A14,"English Opening: Agincourt Defense, Neo-Catalan Declined",rnbqkbnr/ppp2ppp/4p3/3p4/2P5/5N2/PP1PPPPP/RNBQKB1R w KQkq - 0 3,63,68,38
A14,"English Opening: Agincourt Defense, Neo-Catalan Declined",rnbqkb1r/pppppppp/5n2/8/8/5N2/PPPPPPPP/RNBQKB1R w KQkq - 2 2,401,466,212
A14,"English Opening: Agincourt Defense, Neo-Catalan Declined",rnbqkb1r/ppp2ppp/4pn2/3p4/2P5/5NP1/PP1PPP1P/RNBQKB1R w KQkq - 0 4,74,78,40
A14,"English Opening: Agincourt Defense, Neo-Catalan Declined",rnbqkb1r/ppp2ppp/4pn2/3p4/8/5NP1/PPPPPPBP/RNBQ1RK1 b kq - 1 4,58,66,31
A14,"English Opening: Agincourt Defense, Neo-Catalan Declined",rnbqkb1r/ppp2ppp/4pn2/3p4/2P5/5NP1/PP1PPPBP/RNBQK2R b KQkq - 1 4,114,126,63
A14,"English Opening: Agincourt Defense, Neo-Catalan Declined",rnbqk2r/ppp1bppp/4pn2/3p4/2P5/5NP1/PP1PPPBP/RNBQK2R w KQkq - 4 5,52,56,26
A14,"English Opening: Agincourt Defense, Neo-Catalan Declined",rnbq1rk1/ppp1bppp/4pn2/3p4/2P5/1P3NP1/P2PPPBP/RNBQ1RK1 b - - 0 6,28,31,17
A14,"English Opening: Agincourt Defense, Neo-Catalan Declined",rnbqk2r/ppp1bppp/4pn2/3p4/2P5/5NP1/PP1PPPBP/RNBQ1RK1 b kq - 0 5,56,69,33
A14,"English Opening: Agincourt Defense, Neo-Catalan Declined",rnbq1rk1/pp2bppp/2p1pn2/3p4/2PP4/5NP1/PP2PPBP/RNBQ1RK1 w - - 0 7,15,19,10
A14,"English Opening: Agincourt Defense, Neo-Catalan Declined",rnbq1rk1/1p2bppp/2p1pn2/p2p4/2PP4/2N2NP1/PP2PPBP/R1BQ1RK1 w - - 0 8,6,13,9
A14,"English Opening: Agincourt Defense, Neo-Catalan Declined",rnbqkbnr/pppp1ppp/4p3/8/2P5/5N2/PP1PPPPP/RNBQKB1R b KQkq - 1 2,50,60,30
A14,"English Opening: Agincourt Defense, Neo-Catalan Declined",rnbqkbnr/ppp2ppp/4p3/3p4/2P5/5NP1/PP1PPP1P/RNBQKB1R b KQkq - 0 3,34,42,22
A14,"English Opening: Agincourt Defense, Neo-Catalan Declined",r1bq1rk1/1p1nbppp/2p1pn2/p2p4/2PP1B2/5NP1/PPQ1PPBP/RN1R2K1 b - - 1 9,10,15,13
A13,"English Opening: Agincourt Defense, Wimpy System",rnbqkb1r/ppp2ppp/4pn2/3p4/2P5/1P3N2/PB1PPPPP/RN1QKB1R b KQkq - 1 4,18,8,10
A13,"English Opening: Agincourt Defense, Wimpy System",rnbqkb1r/pppp1ppp/4pn2/8/2P5/1P3N2/P2PPPPP/RNBQKB1R b KQkq - 0 3,18,10,7
A13,"English Opening: Agincourt Defense, Wimpy System",rnbqkb1r/ppp2ppp/4pn2/3p4/2P5/1P3N2/P2PPPPP/RNBQKB1R w KQkq - 0 4,14,8,8
A15,"English Opening: Anglo-Indian Defense",rnbqkb1r/pppppp1p/5np1/8/2P5/6P1/PP1PPPBP/RNBQK1NR b KQkq - 1 3,11,7,8
A15,"English Opening: Anglo-Indian Defense",rnbqk2r/ppppppbp/5np1/8/2P5/6P1/PP1PPPBP/RNBQK1NR w KQkq - 2 4,11,6,9
A15,"English Opening: Anglo-Indian Defense",rnbqkb1r/pppppppp/5n2/8/2P5/6P1/PP1PPP1P/RNBQKBNR b KQkq - 0 2,25,29,16
A15,"English Opening: Anglo-Indian Defense",rnbqk2r/ppppppbp/5np1/8/2P5/2N3P1/PP1PPPBP/R1BQK1NR b KQkq - 3 4,20,10,11
A15,"English Opening: Anglo-Indian Defense",rnbq1rk1/ppppppbp/5np1/8/2P5/2N3P1/PP1PPPBP/R1BQK1NR w KQ - 4 5,15,7,10
A15,"English Opening: Anglo-Indian Defense",rnbqkb1r/pppppp1p/5np1/8/2P5/6P1/PP1PPP1P/RNBQKBNR w KQkq - 0 3,11,7,7
A19,"English Opening: Anglo-Indian Defense, Flohr-Mikenas-Carls Variation, Nei Gambit",rnbqkb1r/pppp1ppp/4pn2/8/2P1P3/2N5/PP1P1PPP/R1BQKBNR b KQkq - 0 3,18,17,8
A19,"English Opening: Anglo-Indian Defense, Flohr-Mikenas-Carls Variation, Nei Gambit",rnbqkb1r/pppp1ppp/4pn2/8/2P5/2N5/PP1PPPPP/R1BQKBNR w KQkq - 0 3,31,21,12
A15,"English Opening: Anglo-Indian Defense, King's Indian Formation",rnbqk2r/ppppppbp/5np1/8/2P5/5NP1/PP1PPP1P/RNBQKB1R w KQkq - 1 4,17,19,9
A15,"English Opening: Anglo-Indian Defense, King's Indian Formation",rnbq1rk1/ppppppbp/5np1/8/2P5/5NP1/PP1PPPBP/RNBQ1RK1 b - - 4 5,16,25,10
A15,"English Opening: Anglo-Indian Defense, King's Indian Formation",rnbqkb1r/pppppp1p/5np1/8/2P5/5NP1/PP1PPP1P/RNBQKB1R b KQkq - 0 3,18,18,9
A15,"English Opening: Anglo-Indian Defense, King's Knight Variation",rnbqk2r/ppp1bppp/4pn2/3p4/2P5/2N1PN2/PP1P1PPP/R1BQKB1R w KQkq - 1 5,17,14,3
A15,"English Opening: Anglo-Indian Defense, King's Knight Variation",rnbqkb1r/pp2pppp/2p2n2/3p4/2P5/5NP1/PP1PPPBP/RNBQK2R b KQkq - 2 4,14,14,6
A15,"English Opening: Anglo-Indian Defense, King's Knight Variation",rnbqk2r/ppp1bppp/4pn2/3p4/2P5/1PN1PN2/P2P1PPP/R1BQKB1R b KQkq - 0 5,17,12,3
A15,"English Opening: Anglo-Indian Defense, King's Knight Variation",rnbqkb1r/ppp2ppp/4pn2/3p4/2P5/2N2N2/PP1PPPPP/R1BQKB1R w KQkq - 0 4,34,34,16
A15,"English Opening: Anglo-Indian Defense, King's Knight Variation",rnbqkb1r/ppp2ppp/4pn2/3p4/2P5/2N1PN2/PP1P1PPP/R1BQKB1R b KQkq - 1 4,44,50,33
A15,"English Opening: Anglo-Indian Defense, King's Knight Variation",rnbq1rk1/ppp1bppp/4pn2/3p4/2P5/1PN1PN2/PB1P1PPP/R2QKB1R b KQ - 2 6,17,8,3
A15,"English Opening: Anglo-Indian Defense, King's Knight Variation",rnbqkb1r/pppppppp/5n2/8/2P5/5N2/PP1PPPPP/RNBQKB1R b KQkq - 0 2,229,240,109
A15,"English Opening: Anglo-Indian Defense, King's Knight Variation",rnbqkb1r/pppppppp/5n2/8/2P5/8/PP1PPPPP/RNBQKBNR w KQkq - 1 2,144,152,89
A15,"English Opening: Anglo-Indian Defense, King's Knight Variation",rnbqkb1r/ppp2ppp/4pn2/3p4/2P5/4PN2/PP1P1PPP/RNBQKB1R w KQkq - 0 4,55,53,36
A15,"English Opening: Anglo-Indian Defense, King's Knight Variation",rnbqkb1r/pp2pppp/2p2n2/3p4/2P5/5NP1/PP1PPP1P/RNBQKB1R w KQkq - 1 4,10,11,4
A15,"English Opening: Anglo-Indian Defense, King's Knight Variation",rnbqkb1r/pppp1ppp/4pn2/8/2P5/5N2/PP1PPPPP/RNBQKB1R w KQkq - 0 3,126,121,62
A15,"English Opening: Anglo-Indian Defense, King's Knight Variation",rnbqkb1r/pppp1ppp/4pn2/8/2P5/2N2N2/PP1PPPPP/R1BQKB1R b KQkq - 3 3,39,36,19
A15,"English Opening: Anglo-Indian Defense, Queen's Indian Formation",rnbqkb1r/p1pppppp/1p3n2/8/2P5/5N2/PP1PPPPP/RNBQKB1R w KQkq - 0 3,16,30,14
A15,"English Opening: Anglo-Indian Defense, Queen's Indian Formation",rnbqkb1r/p1pppppp/1p3n2/8/2P5/5NP1/PP1PPP1P/RNBQKB1R b KQkq - 0 3,9,25,10
A15,"English Opening: Anglo-Indian Defense, Queen's Indian Formation",rn1qkb1r/pbpppppp/1p3n2/8/2P5/5NP1/PP1PPP1P/RNBQKB1R w KQkq - 1 4,8,19,7
A15,"English Opening: Anglo-Indian Defense, Queen's Indian Formation",rn1qkb1r/pbpppppp/1p3n2/8/2P5/5NP1/PP1PPPBP/RNBQK2R b KQkq - 2 4,14,19,8
A15,"English Opening: Anglo-Indian Defense, Queen's Indian Formation",rn1qkb1r/pb1ppppp/1p3n2/2p5/2P5/5NP1/PP1PPPBP/RNBQK2R w KQkq - 2 5,8,14,8
A11,"English Opening: Caro-Kann Defensive System",rnbqkbnr/pp2pppp/2p5/3p4/2P5/5NP1/PP1PPP1P/RNBQKB1R b KQkq - 0 3,10,9,7
A11,"English Opening: Caro-Kann Defensive System",rnbqkbnr/pp2pppp/2p5/3p4/2P5/4PN2/PP1P1PPP/RNBQKB1R b KQkq - 0 3,16,12,4
A10,"English Opening: Great Snake Variation",rnbqkbnr/pppppp1p/6p1/8/2P5/8/PP1PPPPP/RNBQKBNR w KQkq - 0 2,29,41,22
A10,"English Opening: Great Snake Variation",rnbqk1nr/pp1pppbp/6p1/2p5/2P5/6P1/PP1PPPBP/RNBQK1NR w KQkq - 0 4,10,17,9
A10,"English Opening: Great Snake Variation",rnbqkbnr/pppppp1p/6p1/8/2P5/2N5/PP1PPPPP/R1BQKBNR b KQkq - 1 2,7,10,8
A20,"English Opening: King's English Variation",rnbqkb1r/pppp1ppp/5n2/4p3/2P5/6P1/PP1PPPBP/RNBQK1NR b KQkq - 2 3,25,28,22
A20,"English Opening: King's English Variation",rnbqkb1r/pppp1ppp/5n2/4p3/2P5/6P1/PP1PPP1P/RNBQKBNR w KQkq - 1 3,25,28,22
A20,"English Opening: King's English Variation",rnbqkbnr/pppppppp/8/8/2P5/8/PP1PPPPP/RNBQKBNR b KQkq - 0 1,647,714,375
A20,"English Opening: King's English Variation",rnbqkb1r/pp1p1ppp/2p2n2/4p3/2P5/6P1/PP1PPPBP/RNBQK1NR w KQkq - 0 4,9,11,8
A20,"English Opening: King's English Variation",rnbqkbnr/pppp1ppp/8/4p3/2P5/6P1/PP1PPP1P/RNBQKBNR b KQkq - 0 2,46,52,40
A29,"English Opening: King's English Variation, Four Knights Variation, Fianchetto Line, with Bc5",rnbqkb1r/pppp1ppp/5n2/4p3/2P5/2N2N2/PP1PPPPP/R1BQKB1R b KQkq - 1 3,30,58,32
A29,"English Opening: King's English Variation, Four Knights Variation, Fianchetto Line, with Bc5",r1bqkb1r/pppp1ppp/2n2n2/4p3/2P5/2N2N2/PP1PPPPP/R1BQKB1R w KQkq - 2 4,29,56,28
A29,"English Opening: King's English Variation, Four Knights Variation, Fianchetto Line, with Bc5",r1bqkb1r/pppp1ppp/2n2n2/4p3/2P5/2N2NP1/PP1PPP1P/R1BQKB1R b KQkq - 0 4,14,16,11
A28,"English Opening: King's English Variation, Four Knights Variation, Quiet Line",r1bqkb1r/pppp1ppp/2n2n2/4p3/2P5/2N1PN2/PP1P1PPP/R1BQKB1R b KQkq - 0 4,6,16,9
A28,"English Opening: King's English Variation, Four Knights Variation, Quiet Line",r1bqk2r/pppp1ppp/2n2n2/4p3/1bP5/2N1PN2/PP1P1PPP/R1BQKB1R w KQkq - 1 5,5,13,9
A21,"English Opening: King's English Variation, Kramnik-Shirov Counterattack",rnbqk1nr/1ppp1ppp/8/p2Np3/1bP5/8/PP1PPPPP/R1BQKBNR w KQkq - 0 4,8,10,10
A21,"English Opening: King's English Variation, Kramnik-Shirov Counterattack",rnbqk1nr/pppp1ppp/8/4p3/1bP5/2N5/PP1PPPPP/R1BQKBNR w KQkq - 2 3,19,23,16
A21,"English Opening: King's English Variation, Kramnik-Shirov Counterattack",rnbqk1nr/pppp1ppp/8/3Np3/1bP5/8/PP1PPPPP/R1BQKBNR b KQkq - 3 3,14,16,13
A27,"English Opening: King's English Variation, Three Knights System",rnbqkbnr/pppp1ppp/8/4p3/2P5/8/PP1PPPPP/RNBQKBNR w KQkq - 0 2,129,164,106
A22,"English Opening: King's English Variation, Two Knights Variation",rnbqkbnr/pppp1ppp/8/4p3/2P5/2N5/PP1PPPPP/R1BQKBNR b KQkq - 1 2,58,90,53
A22,"English Opening: King's English Variation, Two Knights Variation",rnbqkb1r/pppp1ppp/5n2/4p3/2P5/2N5/PP1PPPPP/R1BQKBNR w KQkq - 0 3,44,79,42
A19,"English Opening: Mikenas-Carls, Sicilian",rnbqkb1r/pp1ppppp/5n2/2p5/2P5/2N5/PP1PPPPP/R1BQKBNR w KQkq - 0 3,10,10,7
A19,"English Opening: Mikenas-Carls, Sicilian",rnbqkb1r/pppppppp/5n2/8/2P5/2N5/PP1PPPPP/R1BQKBNR b KQkq - 2 2,89,85,50
A13,"English Opening: Neo-Catalan",r1bqkb1r/pp3ppp/2n1pn2/8/2Pp4/3P1NP1/PP3PBP/RNBQ1RK1 b kq - 0 8,11,14,14
A13,"English Opening: Neo-Catalan",r1bqkb1r/pp3ppp/2n1pn2/2p5/2PP4/5NP1/PP1P1PBP/RNBQ1RK1 b kq - 0 7,9,12,12
A13,"English Opening: Neo-Catalan",r1bqkb1r/pp3ppp/2n1pn2/8/2Pp4/5NP1/PP1P1PBP/RNBQ1RK1 w kq - 0 8,9,13,14
A30,"English Opening: Symmetrical Variation",rnbqkbnr/pp1ppppp/8/2p5/2P5/5N2/PP1PPPPP/RNBQKB1R b KQkq - 0 2,62,99,44
A30,"English Opening: Symmetrical Variation",rnbqkbnr/pp1ppppp/8/2p5/2P5/8/PP1PPPPP/RNBQKBNR w KQkq - 0 2,61,72,35
A31,"English Opening: Symmetrical Variation, Anti-Benoni Variation",rnbqkb1r/pp1ppppp/5n2/2p5/2PP4/8/PP2PPPP/RNBQKBNR w KQkq - 0 3,118,117,26
A33,"English Opening: Symmetrical Variation, Anti-Benoni Variation, Geller Variation",r1bqkb1r/pp1ppppp/2n2n2/2p5/2PP4/2N2N2/PP2PPPP/R1BQKB1R b KQkq - 0 4,10,13,2
A33,"English Opening: Symmetrical Variation, Anti-Benoni Variation, Geller Variation",r1bqkb1r/pp1ppppp/2n2n2/8/2PN4/2N5/PP2PPPP/R1BQKB1R b KQkq - 0 5,12,21,6
A33,"English Opening: Symmetrical Variation, Anti-Benoni Variation, Geller Variation",r1bqkb1r/pp1ppppp/2n2n2/8/2Pp4/2N2N2/PP2PPPP/R1BQKB1R w KQkq - 0 5,10,13,2
A33,"English Opening: Symmetrical Variation, Anti-Benoni Variation, Geller Variation",r1bqkb1r/pp1p1ppp/2n1pn2/8/2PN4/2N5/PP2PPPP/R1BQKB1R w KQkq - 0 6,11,19,6
A38,"English Opening: Symmetrical Variation, Duchamp Variation",rnbqkb1r/pp1ppppp/5n2/2p5/8/5NP1/PPPPPP1P/RNBQKB1R w KQkq - 0 3,15,18,11
A38,"English Opening: Symmetrical Variation, Full Symmetry Line",r1bqkbnr/pp1ppppp/2n5/2p5/2P5/2N2N2/PP1PPPPP/R1BQKB1R b KQkq - 2 3,20,34,10
A38,"English Opening: Symmetrical Variation, Full Symmetry Line",rnbqkbnr/pp1ppppp/8/2p5/2P5/2N5/PP1PPPPP/R1BQKBNR b KQkq - 1 2,18,19,12
A38,"English Opening: Symmetrical Variation, Full Symmetry Line",r1bqkbnr/pp1ppppp/2n5/2p5/2P5/2N5/PP1PPPPP/R1BQKBNR w KQkq - 2 3,11,10,7
A38,"English Opening: Symmetrical Variation, Full Symmetry Line",r1bqkb1r/pp1ppppp/2n2n2/2p5/2P5/2N2N2/PP1PPPPP/R1BQKB1R w KQkq - 3 4,22,46,7
A38,"English Opening: Symmetrical Variation, Full Symmetry Line",r1bqkb1r/pp1ppppp/2n2n2/2p5/2P5/2N2NP1/PP1PPP1P/R1BQKB1R b KQkq - 0 4,10,22,4
A30,"English Opening: Symmetrical Variation, Hedgehog Defense",rn1qkb1r/pb1p1ppp/1p2pn2/2p5/2P5/2N2NP1/PP1PPPBP/R1BQ1RK1 b kq - 1 6,8,9,8
A34,"English Opening: Symmetrical Variation, Rubinstein Variation",r1bqkb1r/pp2pppp/2n5/2pn4/8/2N2NP1/PP1PPPBP/R1BQK2R b KQkq - 3 6,14,14,6
A34,"English Opening: Symmetrical Variation, Rubinstein Variation",r1bqkb1r/ppn1pppp/2n5/2p5/8/2N2NP1/PP1PPPBP/R1BQK2R w KQkq - 4 7,10,15,6
A34,"English Opening: Symmetrical Variation, Three Knights Variation",r1bq1rk1/pp2ppbp/2np1np1/8/2PNP3/2N1B3/PP2BPPP/R2Q1RK1 b - - 6 9,13,10,5
A34,"English Opening: Symmetrical Variation, Three Knights Variation",rnbqkb1r/pp1ppppp/5n2/2p5/2P5/2N2N2/PP1PPPPP/R1BQKB1R b KQkq - 2 3,32,55,14
A34,"English Opening: Symmetrical Variation, Three Knights Variation",rnbqkb1r/pp1ppppp/5n2/2p5/2P5/5N2/PP1PPPPP/RNBQKB1R w KQkq - 1 3,38,72,19
A37,"English Opening: Symmetrical Variation, Three Knights, Fianchetto Variation",rnbqk1nr/pp1pppbp/6p1/2p5/2P5/2N3P1/PP1PPPBP/R1BQK1NR b KQkq - 1 4,15,21,14
A37,"English Opening: Symmetrical Variation, Three Knights, Fianchetto Variation",r1bqk1nr/pp2ppbp/2np2p1/2p5/2P5/2N2NP1/PP1PPPBP/R1BQ1RK1 b kq - 1 6,10,20,7
A37,"English Opening: Symmetrical Variation, Three Knights, Fianchetto Variation",r1bqk1nr/pp1pppbp/2n3p1/2p5/2P5/5NP1/PP1PPPBP/RNBQK2R w KQkq - 1 5,8,19,7
A37,"English Opening: Symmetrical Variation, Three Knights, Fianchetto Variation",rnbqkbnr/pp1ppp1p/6p1/2p5/2P5/5N2/PP1PPPPP/RNBQKB1R w KQkq - 0 3,10,12,11
A37,"English Opening: Symmetrical Variation, Three Knights, Fianchetto Variation",r1bqk1nr/pp2ppbp/2np2p1/2p5/2P5/2N2NP1/PP1PPPBP/R1BQK2R w KQkq - 0 6,13,19,11
A37,"English Opening: Symmetrical Variation, Three Knights, Fianchetto Variation",r1bqk1nr/pp1pppbp/2n3p1/2p5/2P5/2N2NP1/PP1PPPBP/R1BQK2R b KQkq - 2 5,18,25,14
A37,"English Opening: Symmetrical Variation, Three Knights, Fianchetto Variation",r1bqkbnr/pp1ppppp/2n5/2p5/2P5/5N2/PP1PPPPP/RNBQKB1R w KQkq - 1 3,29,51,19
A36,"English Opening: Symmetrical Variation, Ultra-Symmetrical Variation",rnbqkbnr/pp1ppp1p/6p1/2p5/2P5/6P1/PP1PPPBP/RNBQK1NR b KQkq - 1 3,7,12,7
A36,"English Opening: Symmetrical Variation, Ultra-Symmetrical Variation",rnbqkbnr/pp1ppp1p/6p1/2p5/2P5/6P1/PP1PPP1P/RNBQKBNR w KQkq - 0 3,7,12,7
A36,"English Opening: Symmetrical Variation, Ultra-Symmetrical Variation",rnbqkbnr/pp1ppppp/8/2p5/2P5/6P1/PP1PPP1P/RNBQKBNR b KQkq - 0 2,13,13,14
A36,"English Opening: Symmetrical Variation, Ultra-Symmetrical Variation",r1bqk1nr/pp1pppbp/2n3p1/2p5/2P5/2N3P1/PP1PPPBP/R1BQK1NR w KQkq - 2 5,20,27,20
C47,"Four Knights Game",r1bqkb1r/pppp1ppp/2n2n2/4p3/4P3/2N2N1P/PPPP1PP1/R1BQKB1R b KQkq - 0 4,12,17,11
C47,"Four Knights Game: Scotch Variation Accepted",r1bqkb1r/pppp1ppp/2n2n2/4p3/3PP3/2N2N2/PPP2PPP/R1BQKB1R b KQkq - 0 4,11,76,23
C47,"Four Knights Game: Scotch Variation Accepted",r1bqk2r/pppp1ppp/2N2n2/8/1b2P3/2N5/PPP2PPP/R1BQKB1R b KQkq - 0 6,11,76,17
C47,"Four Knights Game: Scotch Variation Accepted",r1bqkbnr/pppp1ppp/2n5/4p3/4P3/2N2N2/PPPP1PPP/R1BQKB1R b KQkq - 3 3,80,170,61
C47,"Four Knights Game: Scotch Variation Accepted",r1bqk2r/p1p2ppp/2p2n2/3P4/1b6/2NB4/PPP2PPP/R1BQK2R b KQkq - 0 8,8,37,11
C47,"Four Knights Game: Scotch Variation Accepted",r1bqkb1r/pppp1ppp/2n2n2/8/3pP3/2N2N2/PPP2PPP/R1BQKB1R w KQkq - 0 5,11,74,19
C47,"Four Knights Game: Scotch Variation Accepted",r1bq1rk1/p1p2ppp/2p2n2/3P4/1b6/2NB4/PPP2PPP/R1BQK2R w KQ - 1 9,4,28,8
C47,"Four Knights Game: Scotch Variation Accepted",r1bq1rk1/p1pp1ppp/2p2n2/8/1b2P3/2NB4/PPP2PPP/R1BQK2R w KQ - 2 8,4,26,4
C47,"Four Knights Game: Scotch Variation Accepted",r1bqk2r/pppp1ppp/2n2n2/8/1b1NP3/2N5/PPP2PPP/R1BQKB1R w KQkq - 1 6,11,78,17
C47,"Four Knights Game: Scotch Variation Accepted",r1bqk2r/p1pp1ppp/2p2n2/8/1b2P3/2NB4/PPP2PPP/R1BQK2R b KQkq - 1 7,11,73,17
C47,"Four Knights Game: Scotch Variation Accepted",r1bq1rk1/p1p2ppp/5n2/3p4/1b6/2NB4/PPP2PPP/R1BQ1RK1 w - - 2 10,7,37,8
C47,"Four Knights Game: Scotch Variation Accepted",r1bq1rk1/p1pp1ppp/2p2n2/8/1b2P3/2NB4/PPP2PPP/R1BQ1RK1 b - - 3 8,4,26,4
C47,"Four Knights Game: Scotch Variation Accepted",r1bqk2r/p1p2ppp/2p2n2/3p4/1b2P3/2NB4/PPP2PPP/R1BQK2R w KQkq - 0 8,8,47,13
C47,"Four Knights Game: Scotch Variation Accepted",r1bq1rk1/p1p2ppp/2p2n2/3P4/1b6/2NB4/PPP2PPP/R1BQ1RK1 b - - 2 9,5,40,9
C47,"Four Knights Game: Scotch Variation Accepted",r1bqk2r/p1pp1ppp/2p2n2/8/1b2P3/2N5/PPP2PPP/R1BQKB1R w KQkq - 0 7,11,74,17
C47,"Four Knights Game: Scotch Variation Accepted",r1bqkb1r/pppp1ppp/2n2n2/8/3NP3/2N5/PPP2PPP/R1BQKB1R b KQkq - 0 5,11,79,18
C48,"Four Knights Game: Spanish Variation",r1bqk2r/pppp1ppp/2nb1n2/1B2p3/4P3/2N2N2/PPPP1PPP/R1BQK2R w KQkq - 6 5,9,12,12
C49,"Four Knights Game: Spanish Variation, Double Spanish",r1bqk2r/pppp1ppp/2n2n2/1B2p3/1b2P3/2N2N2/PPPP1PPP/R1BQK2R w KQkq - 6 5,10,24,6
C49,"Four Knights Game: Spanish Variation, Double Spanish",rnbqkb1r/pppp1ppp/5n2/4p3/4P3/2N2N2/PPPP1PPP/R1BQKB1R b KQkq - 3 3,12,25,11
C49,"Four Knights Game: Spanish Variation, Double Spanish",r1bqkb1r/pppp1ppp/2n2n2/1B2p3/4P3/2N2N2/PPPP1PPP/R1BQK2R b KQkq - 5 4,34,59,23
C49,"Four Knights Game: Spanish Variation, Double Spanish",r1bq1rk1/pppp1ppp/2n2n2/1B2p3/1b2P3/2N2N2/PPPP1PPP/R1BQ1RK1 w - - 8 6,10,19,5
C49,"Four Knights Game: Spanish Variation, Double Spanish",r1bqkb1r/pppp1ppp/2n2n2/4p3/4P3/2N2N2/PPPP1PPP/R1BQKB1R w KQkq - 4 4,77,182,68
C49,"Four Knights Game: Spanish Variation, Double Spanish",r1bqk2r/pppp1ppp/2n2n2/1B2p3/1b2P3/2N2N2/PPPP1PPP/R1BQ1RK1 b kq - 7 5,10,20,5
C48,"Four Knights Game: Spanish Variation, Rubinstein Variation Accepted",r1bqkb1r/pppp1ppp/5n2/1B2p3/3nP3/2N2N2/PPPP1PPP/R1BQK2R w KQkq - 6 5,14,16,4
C02,"French Defense: Advance Variation, Euwe Variation",r2qkb1r/pp1bnppp/2n1p3/2ppP3/3P4/2P2N2/PP2BPPP/RNBQK2R w KQkq - 5 7,25,22,21
C02,"French Defense: Advance Variation, Euwe Variation",r2qkbnr/pp1b1ppp/2n1p3/2ppP3/3P4/2P2N2/PP3PPP/RNBQKB1R w KQkq - 3 6,39,39,35
C02,"French Defense: Advance Variation, Euwe Variation",r2qkb1r/pp1bnppp/2n1p3/3pP3/3p4/N1P2N2/PP2BPPP/R1BQK2R w KQkq - 0 8,6,10,9
C02,"French Defense: Advance Variation, Euwe Variation",r2qkb1r/pp1bnppp/2n1p3/3pP3/3P4/N4N2/PP2BPPP/R1BQK2R b KQkq - 0 8,6,10,10
C02,"French Defense: Advance Variation, Euwe Variation",r2qkbnr/pp1b1ppp/2n1p3/2ppP3/3P4/2P2N2/PP2BPPP/RNBQK2R b KQkq - 4 6,36,34,30
C02,"French Defense: Advance Variation, Euwe Variation",r2qkb1r/pp1bnppp/2n1p3/2ppP3/3P4/N1P2N2/PP2BPPP/R1BQK2R b KQkq - 6 7,7,11,10
C02,"French Defense: Advance Variation, Euwe Variation",r2qkb1r/pp1bnppp/2n1p3/2ppP3/3P4/2P2N2/PP2BPPP/RNBQ1RK1 b kq - 6 7,17,12,11
C02,"French Defense: Advance Variation, Paulsen Attack",rnbqkbnr/pp3ppp/4p3/2ppP3/3P4/2P5/PP3PPP/RNBQKBNR b KQkq - 0 4,85,87,49
C02,"French Defense: Advance Variation, Paulsen Attack",r1bqkb1r/pp2nppp/2n1p3/2ppP3/3P4/2P2N2/PP3PPP/RNBQKB1R w KQkq - 3 6,12,12,4
C02,"French Defense: Advance Variation, Paulsen Attack",rnbqkbnr/pp3ppp/4p3/2ppP3/3P4/8/PPP2PPP/RNBQKBNR w KQkq - 0 4,86,89,49
C02,"French Defense: Advance Variation, Paulsen Attack",rnbqkbnr/ppp2ppp/4p3/3pP3/3P4/8/PPP2PPP/RNBQKBNR b KQkq - 0 3,94,101,49
C02,"French Defense: Advance Variation, Paulsen Attack",r1bqkbnr/pp3ppp/2n1p3/2ppP3/3P4/2P2N2/PP3PPP/RNBQKB1R b KQkq - 2 5,73,70,44
C02,"French Defense: Advance Variation, Paulsen Attack",r1bqkbnr/pp3ppp/2n1p3/2ppP3/3P4/2P5/PP3PPP/RNBQKBNR w KQkq - 1 5,72,67,42
C02,"French Defense: Advance Variation, Paulsen Attack",r1b1kbnr/pp3ppp/1qn1p3/2ppP3/3P4/2P2N2/PP3PPP/RNBQKB1R w KQkq - 3 6,16,24,5
C11,"French Defense: Burn Variation",rnbqkb1r/ppp2ppp/4pn2/3p4/3PP3/2N5/PPP2PPP/R1BQKBNR w KQkq - 2 4,146,135,67
C11,"French Defense: Burn Variation",rnbqkb1r/ppp2ppp/4pn2/3p2B1/3PP3/2N5/PPP2PPP/R2QKBNR b KQkq - 3 4,46,53,21
C11,"French Defense: Burn Variation",rnbqkb1r/ppp2ppp/4pn2/6B1/3PN3/8/PPP2PPP/R2QKBNR b KQkq - 0 5,23,27,14
C11,"French Defense: Burn Variation",rnbqk2r/ppp1bppp/4pn2/6B1/3PN3/8/PPP2PPP/R2QKBNR w KQkq - 1 6,15,17,12
C11,"French Defense: Burn Variation",rnbqkb1r/ppp2ppp/4pn2/6B1/3Pp3/2N5/PPP2PPP/R2QKBNR w KQkq - 0 5,22,27,14
C11,"French Defense: Classical Variation, Burn Variation, Morozevich Line",rnbqk2r/ppp1bppp/4pB2/8/3PN3/8/PPP2PPP/R2QKBNR b KQkq - 0 6,10,11,8
C14,"French Defense: Classical Variation, Steinitz Variation",rnbqk2r/ppp1bppp/4pn2/3pP1B1/3P4/2N5/PPP2PPP/R2QKBNR b KQkq - 0 5,11,13,1
C14,"French Defense: Classical Variation, Steinitz Variation",rnbqk2r/ppp1bppp/4pn2/3p2B1/3PP3/2N5/PPP2PPP/R2QKBNR w KQkq - 4 5,11,13,1
C01,"French Defense: Exchange Variation",rnbqkbnr/ppp2ppp/4p3/3P4/3P4/8/PPP2PPP/RNBQKBNR b KQkq - 0 3,24,55,19
C01,"French Defense: Exchange Variation",rnbqkb1r/ppp2ppp/5n2/3p4/3P4/3B1N2/PPP2PPP/RNBQK2R b KQkq - 1 7,5,26,1
C01,"French Defense: Exchange Variation",rnbqkbnr/ppp2ppp/8/3p4/3P4/8/PPP2PPP/RNBQKBNR w KQkq - 0 4,21,55,19
C01,"French Defense: Exchange Variation",rnbqkbnr/ppp2ppp/8/3p4/3P4/5N2/PPP2PPP/RNBQKB1R b KQkq - 1 4,13,37,15
C01,"French Defense: Exchange Variation",rnbqkb1r/ppp2ppp/5n2/3p4/3P4/5N2/PPP2PPP/RNBQKB1R w KQkq - 0 7,10,28,2
C00,"French Defense: King's Indian Attack",rnbqkbnr/pppp1ppp/4p3/8/4P3/3P4/PPP2PPP/RNBQKBNR b KQkq - 0 2,13,10,8
C00,"French Defense: King's Indian Attack",rnbqkbnr/ppp2ppp/4p3/3p4/4P3/3P4/PPP2PPP/RNBQKBNR w KQkq - 0 3,11,9,7
C00,"French Defense: Normal Variation",rnbqkbnr/pppp1ppp/4p3/8/4P3/8/PPPP1PPP/RNBQKBNR w KQkq - 0 2,569,618,240
C00,"French Defense: Normal Variation",rnbqkbnr/pppp1ppp/4p3/8/3PP3/8/PPP2PPP/RNBQKBNR b KQkq - 0 2,555,598,223
C10,"French Defense: Rubinstein Variation, Blackburne Defense",r1bqkb1r/pppn1ppp/4pn2/8/3PN3/5N2/PPP2PPP/R1BQKB1R w KQkq - 3 6,13,16,3
C10,"French Defense: Rubinstein Variation, Blackburne Defense",r1bqkbnr/pppn1ppp/4p3/8/3PN3/8/PPP2PPP/R1BQKBNR w KQkq - 1 5,14,18,5
C10,"French Defense: Rubinstein Variation, Blackburne Defense",rnbqkbnr/ppp2ppp/4p3/8/3PN3/8/PPP2PPP/R1BQKBNR b KQkq - 0 4,31,35,8
C10,"French Defense: Rubinstein Variation, Blackburne Defense",r1bqkb1r/pppn1ppp/4pN2/8/3P4/5N2/PPP2PPP/R1BQKB1R b KQkq - 0 6,9,14,2
C10,"French Defense: Rubinstein Variation, Blackburne Defense",r1bqkb1r/ppp2ppp/4pn2/8/3P4/5N2/PPP2PPP/R1BQKB1R w KQkq - 0 7,9,14,2
C10,"French Defense: Rubinstein Variation, Blackburne Defense",r1bqkbnr/pppn1ppp/4p3/8/3PN3/5N2/PPP2PPP/R1BQKB1R b KQkq - 2 5,13,16,3
C10,"French Defense: Rubinstein Variation, Blackburne Defense",rnbqkbnr/ppp2ppp/4p3/8/3Pp3/2N5/PPP2PPP/R1BQKBNR w KQkq - 0 4,27,28,6
C10,"French Defense: Rubinstein Variation, Blackburne Defense",rnbqkbnr/ppp2ppp/4p3/3p4/3PP3/2N5/PPP2PPP/R1BQKBNR b KQkq - 1 3,320,289,118
C10,"French Defense: Rubinstein Variation, Fort Knox Variation",rn1qkbnr/pppb1ppp/4p3/8/3PN3/8/PPP2PPP/R1BQKBNR w KQkq - 1 5,8,15,3
C10,"French Defense: Rubinstein Variation, Fort Knox Variation",rn1qkbnr/pppb1ppp/4p3/8/3PN3/5N2/PPP2PPP/R1BQKB1R b KQkq - 2 5,8,15,3
C10,"French Defense: Rubinstein Variation, Fort Knox Variation",rn1qkbnr/ppp2ppp/2b1p3/8/3PN3/5N2/PPP2PPP/R1BQKB1R w KQkq - 3 6,8,15,3
C00,"French Defense: Steiner Variation",rnbqkbnr/pppp1ppp/4p3/8/2P5/8/PP1PPPPP/RNBQKBNR w KQkq - 0 2,222,214,95
C11,"French Defense: Steinitz Variation, Boleslavsky Variation",r1bqkb1r/pp1n1ppp/2n1p3/3pP3/3N1P2/2N1B3/PPP3PP/R2QKB1R b KQkq - 0 8,21,19,4
C11,"French Defense: Steinitz Variation, Boleslavsky Variation",rnbqkb1r/pp1n1ppp/4p3/2ppP3/3P1P2/2N2N2/PPP3PP/R1BQKB1R b KQkq - 1 6,85,66,37
C11,"French Defense: Steinitz Variation, Boleslavsky Variation",r1bqkb1r/1p1n1ppp/p1n1p3/2ppP3/3P1P2/4BN2/PPP1N1PP/R2QKB1R b KQkq - 1 8,12,7,7
C11,"French Defense: Steinitz Variation, Boleslavsky Variation",rnbqkb1r/pp1n1ppp/4p3/2ppP3/3P1P2/2N5/PPP3PP/R1BQKBNR w KQkq - 0 6,86,69,39
C11,"French Defense: Steinitz Variation, Boleslavsky Variation",r1bqkb1r/pp1n1ppp/2n1p3/2ppP3/3P1P2/2N1BN2/PPP3PP/R2QKB1R b KQkq - 3 7,81,63,33
C11,"French Defense: Steinitz Variation, Boleslavsky Variation",rnbqkb1r/ppp2ppp/4pn2/3pP3/3P4/2N5/PPP2PPP/R1BQKBNR b KQkq - 0 4,98,81,44
C11,"French Defense: Steinitz Variation, Boleslavsky Variation",r1bqkb1r/pp1n1ppp/2n1p3/2ppP3/3P1P2/2N2N2/PPP3PP/R1BQKB1R w KQkq - 2 7,81,63,34
C11,"French Defense: Steinitz Variation, Boleslavsky Variation",rnbqkb1r/pppn1ppp/4p3/3pP3/3P1P2/2N5/PPP3PP/R1BQKBNR b KQkq - 0 5,86,69,39
C11,"French Defense: Steinitz Variation, Boleslavsky Variation",r1bqk2r/pp1nbppp/2n1p3/2ppP3/3P1P2/2N1BN2/PPP3PP/R2QKB1R w KQkq - 4 8,16,11,3
C11,"French Defense: Steinitz Variation, Boleslavsky Variation",r1b1kb1r/pp1n1ppp/1qn1p3/3pP3/3N1P2/2N1B3/PPP3PP/R2QKB1R w KQkq - 1 9,12,19,1
C11,"French Defense: Steinitz Variation, Boleslavsky Variation",r1bqkb1r/1p1n1ppp/p1n1p3/2ppP3/3P1P2/2N1BN2/PPP3PP/R2QKB1R w KQkq - 0 8,28,22,16
C11,"French Defense: Steinitz Variation, Boleslavsky Variation",rnbqkb1r/pppn1ppp/4p3/3pP3/3P4/2N5/PPP2PPP/R1BQKBNR w KQkq - 1 5,96,79,44
C11,"French Defense: Steinitz Variation, Boleslavsky Variation",r1bqkb1r/pp1n1ppp/2n1p3/3pP3/3p1P2/2N1BN2/PPP3PP/R2QKB1R w KQkq - 0 8,20,19,4
C07,"French Defense: Tarrasch Variation, Chistyakov Defense",rnb1kbnr/pp1q1ppp/4p3/8/2Bp4/5N2/PPPN1PPP/R1BQ1RK1 b kq - 3 7,9,15,4
C07,"French Defense: Tarrasch Variation, Chistyakov Defense",rnb1kbnr/pp3ppp/4p3/2pq4/3P4/8/PPPN1PPP/R1BQKBNR w KQkq - 0 5,13,25,9
C07,"French Defense: Tarrasch Variation, Chistyakov Defense",rnb1kbnr/pp3ppp/4p3/3q4/2Bp4/5N2/PPPN1PPP/R1BQK2R b KQkq - 1 6,15,31,9
C07,"French Defense: Tarrasch Variation, Chistyakov Defense",rnb1kbnr/pp3ppp/4p3/2pq4/3P4/5N2/PPPN1PPP/R1BQKB1R b KQkq - 1 5,11,22,6
C07,"French Defense: Tarrasch Variation, Chistyakov Defense",r1b1kbnr/pp1q1ppp/2n1p3/8/2Bp4/5N2/PPPN1PPP/R1BQ1RK1 w kq - 4 8,9,14,2
C07,"French Defense: Tarrasch Variation, Chistyakov Defense",rnbqkbnr/pp3ppp/4p3/2pP4/3P4/8/PPPN1PPP/R1BQKBNR b KQkq - 0 4,15,30,10
C07,"French Defense: Tarrasch Variation, Chistyakov Defense",rnb1kbnr/pp1q1ppp/4p3/8/2Bp4/5N2/PPPN1PPP/R1BQK2R w KQkq - 2 7,9,16,4
C07,"French Defense: Tarrasch Variation, Chistyakov Defense",rnb1kbnr/pp3ppp/4p3/3q4/3p4/5N2/PPPN1PPP/R1BQKB1R w KQkq - 0 6,14,32,9
C05,"French Defense: Tarrasch Variation, Closed Variation",rnbqkb1r/pppn1ppp/4p3/3pP3/3P4/3B4/PPPN1PPP/R1BQK1NR b KQkq - 2 5,18,16,0
C05,"French Defense: Tarrasch Variation, Closed Variation",rnbqkb1r/pp1n1ppp/4p3/2ppP3/3P4/2PB4/PP1N1PPP/R1BQK1NR b KQkq - 0 6,18,15,0
C05,"French Defense: Tarrasch Variation, Closed Variation",rnbqkb1r/ppp2ppp/4pn2/3pP3/3P4/8/PPPN1PPP/R1BQKBNR b KQkq - 0 4,39,34,1
C05,"French Defense: Tarrasch Variation, Closed Variation",rnbqkb1r/pp1n1ppp/4p3/2ppP3/3P4/3B4/PPPN1PPP/R1BQK1NR w KQkq - 0 6,15,15,0
C05,"French Defense: Tarrasch Variation, Closed Variation",rnbqkb1r/pp1n1ppp/4p3/2ppP3/3P1P2/2P5/PP1N2PP/R1BQKBNR b KQkq - 0 6,15,12,1
C05,"French Defense: Tarrasch Variation, Closed Variation",rnbqkb1r/ppp2ppp/4pn2/3p4/3PP3/8/PPPN1PPP/R1BQKBNR w KQkq - 2 4,39,34,1
C05,"French Defense: Tarrasch Variation, Closed Variation",rnbqkb1r/pppn1ppp/4p3/3pP3/3P4/8/PPPN1PPP/R1BQKBNR w KQkq - 1 5,37,30,1
C04,"French Defense: Tarrasch Variation, Guimard Defense, Main Line",r1bqkb1r/pppn1ppp/2n1p3/3pP3/3P4/5N2/PPPN1PPP/R1BQKB1R w KQkq - 1 6,12,12,1
C04,"French Defense: Tarrasch Variation, Guimard Defense, Main Line",r1bqkbnr/ppp2ppp/2n1p3/3p4/3PP3/8/PPPN1PPP/R1BQKBNR w KQkq - 2 4,12,12,1
C04,"French Defense: Tarrasch Variation, Guimard Defense, Main Line",r1bqkb1r/ppp2ppp/2n1pn2/3pP3/3P4/5N2/PPPN1PPP/R1BQKB1R b KQkq - 0 5,12,12,1
C04,"French Defense: Tarrasch Variation, Guimard Defense, Main Line",r1bqkbnr/ppp2ppp/2n1p3/3p4/3PP3/5N2/PPPN1PPP/R1BQKB1R b KQkq - 3 4,12,12,1
C04,"French Defense: Tarrasch Variation, Guimard Defense, Main Line",r1bqkb1r/ppp2ppp/2n1pn2/3p4/3PP3/5N2/PPPN1PPP/R1BQKB1R w KQkq - 4 5,12,12,1
C07,"French Defense: Tarrasch Variation, Open System",rnbqkbnr/ppp2ppp/4p3/3p4/3PP3/8/PPP2PPP/RNBQKBNR w KQkq - 0 3,540,589,222
C07,"French Defense: Tarrasch Variation, Open System",rnbqkbnr/pp3ppp/4p3/2pp4/3PP3/8/PPPN1PPP/R1BQKBNR w KQkq - 0 4,33,67,21
C07,"French Defense: Tarrasch Variation, Open System",rnbqkbnr/ppp2ppp/4p3/3p4/3PP3/8/PPPN1PPP/R1BQKBNR b KQkq - 1 3,102,139,33
C07,"French Defense: Tarrasch Variation, Open System, Euwe-Keres Line",rnb1kbnr/pp3ppp/3qp3/8/2Bp4/5N2/PPPN1PPP/R1BQK2R w KQkq - 2 7,6,15,4
C07,"French Defense: Tarrasch Variation, Open System, Euwe-Keres Line",rnbqkbnr/pp3ppp/4p3/3p4/3NP3/8/PPPN1PPP/R1BQKB1R b KQkq - 0 5,11,13,6
C07,"French Defense: Tarrasch Variation, Open System, Euwe-Keres Line",rnbqkbnr/pp3ppp/4p3/2pp4/3PP3/5N2/PPPN1PPP/R1BQKB1R b KQkq - 1 4,18,35,10
C07,"French Defense: Tarrasch Variation, Open System, Euwe-Keres Line",rnbqkbnr/pp3ppp/4p3/3p4/3pP3/5N2/PPPN1PPP/R1BQKB1R w KQkq - 0 5,14,25,9
C19,"French Defense: Winawer Variation, Advance Variation",rnbqk2r/pp2nppp/4p3/2ppP3/3P4/P1P5/2P2PPP/R1BQKBNR w KQkq - 1 7,25,29,5
C16,"French Defense: Winawer Variation, Advance Variation",rnbqk1nr/p1p2ppp/1p2p3/3pP3/1b1P4/2N5/PPP2PPP/R1BQKBNR w KQkq - 0 5,27,19,0
C18,"French Defense: Winawer Variation, Advance Variation",rnbqk1nr/pp3ppp/4p3/2ppP3/1b1P4/P1N5/1PP2PPP/R1BQKBNR b KQkq - 0 5,43,41,22
C18,"French Defense: Winawer Variation, Advance Variation",rnbqk1nr/ppp2ppp/4p3/3pP3/1b1P4/2N5/PPP2PPP/R1BQKBNR b KQkq - 0 4,109,90,25
C18,"French Defense: Winawer Variation, Advance Variation",rnbqk1nr/pp3ppp/4p3/2ppP3/1b1P4/2N5/PPP2PPP/R1BQKBNR w KQkq - 0 5,55,49,24
C18,"French Defense: Winawer Variation, Advance Variation",rnbqk1nr/pp3ppp/4p3/2ppP3/3P4/P1b5/1PP2PPP/R1BQKBNR w KQkq - 0 6,38,36,17
C18,"French Defense: Winawer Variation, Advance Variation",rnbqk1nr/pp3ppp/4p3/2ppP3/3P4/P1P5/2P2PPP/R1BQKBNR b KQkq - 0 6,38,36,17
C15,"French Defense: Winawer Variation, Alekhine Gambit, Kan Variation",rnbqk1nr/ppp2ppp/4p3/3p4/1b1PP3/2N5/PPP2PPP/R1BQKBNR w KQkq - 2 4,127,113,36
C16,"French Defense: Winawer Variation, Petrosian Variation",rnb1k1nr/pppq1ppp/4p3/3pP3/1b1P4/2N5/PPP2PPP/R1BQKBNR w KQkq - 1 5,21,13,0
C19,"French Defense: Winawer Variation, Poisoned Pawn Variation",rnbqk2r/pp2nppp/4p3/2ppP3/3P2Q1/P1P5/2P2PPP/R1B1KBNR b KQkq - 2 7,16,18,2
D85,"Grünfeld Defense: Exchange Variation",rnbqkb1r/ppp1pp1p/6p1/8/3PP3/2P5/P4PPP/R1BQKBNR b KQkq - 0 6,27,31,13
D85,"Grünfeld Defense: Exchange Variation",rnbqk2r/ppp1ppbp/6p1/8/3PP3/2P5/P4PPP/R1BQKBNR w KQkq - 1 7,27,30,13
D85,"Grünfeld Defense: Exchange Variation",rnbqkb1r/ppp1pp1p/5np1/3P4/3P4/2N5/PP2PPPP/R1BQKBNR b KQkq - 0 4,29,42,15
D85,"Grünfeld Defense: Exchange Variation",rnbqkb1r/ppp1pp1p/5np1/3p4/2PP4/2N5/PP2PPPP/R1BQKBNR w KQkq - 0 4,70,86,37
D85,"Grünfeld Defense: Exchange Variation",rnbqkb1r/ppp1pp1p/6p1/3n4/3P4/2N5/PP2PPPP/R1BQKBNR w KQkq - 0 5,30,42,15
D85,"Grünfeld Defense: Exchange Variation",rnbqkb1r/ppp1pp1p/6p1/3n4/3PP3/2N5/PP3PPP/R1BQKBNR b KQkq - 0 5,27,31,13
D85,"Grünfeld Defense: Exchange Variation",rnbqkb1r/ppp1pp1p/6p1/8/3PP3/2n5/PP3PPP/R1BQKBNR w KQkq - 0 6,27,31,13
D85,"Grünfeld Defense: Exchange Variation, Modern Exchange Variation",rnbqk2r/ppppppbp/5np1/8/2PP4/2N2N2/PP2PPPP/R1BQKB1R b KQkq - 3 4,44,54,14
D85,"Grünfeld Defense: Exchange Variation, Modern Exchange Variation",rnbqk2r/ppp1ppbp/6p1/8/3PP3/2P2N2/P4PPP/R1BQKB1R b KQkq - 0 7,17,28,10
D85,"Grünfeld Defense: Exchange Variation, Modern Exchange Variation",rnbqk2r/ppp1ppbp/5np1/3P4/3P4/2N2N2/PP2PPPP/R1BQKB1R b KQkq - 0 5,10,11,5
D85,"Grünfeld Defense: Exchange Variation, Modern Exchange Variation",rnbqk2r/ppp1ppbp/5np1/3p4/2PP4/2N2N2/PP2PPPP/R1BQKB1R w KQkq - 2 5,40,38,24
D85,"Grünfeld Defense: Exchange Variation, Modern Exchange Variation",rnbqk2r/ppp1ppbp/6p1/3n4/3PP3/2N2N2/PP3PPP/R1BQKB1R b KQkq - 0 6,9,11,5
D85,"Grünfeld Defense: Exchange Variation, Modern Exchange Variation",rnbqk2r/ppp1ppbp/6p1/3n4/3P4/2N2N2/PP2PPPP/R1BQKB1R w KQkq - 0 6,10,12,5
D85,"Grünfeld Defense: Exchange Variation, Modern Exchange Variation",rnbqk2r/pp2ppbp/6p1/2p5/3PP3/2P2N2/P4PPP/R1BQKB1R w KQkq - 0 8,13,27,10
D94,"Grünfeld Defense: Opocensky Variation",rnbqkb1r/ppp1pp1p/5np1/3p4/2PP4/2N2N2/PP2PPPP/R1BQKB1R b KQkq - 1 4,30,26,22
A00,"Hungarian Opening: Sicilian Invitation",rnbqkbnr/pppppppp/8/8/8/6P1/PPPPPP1P/RNBQKBNR b KQkq - 0 1,35,34,20
A45,"Indian Defense",rnbqkb1r/pppppppp/5n2/8/3P1B2/8/PPP1PPPP/RN1QKBNR b KQkq - 2 2,33,25,26
A45,"Indian Defense",rnbqkb1r/pp1p1ppp/4pn2/2p5/3P1B2/4PN2/PPP2PPP/RN1QKB1R b KQkq - 0 4,12,10,12
A45,"Indian Defense",rnbqkb1r/pp2pppp/5n2/2pp4/3P1B2/4P3/PPP2PPP/RN1QKBNR w KQkq - 0 4,9,8,13
E10,"Indian Defense: Anti-Nimzo-Indian",rnbqkb1r/pp1p1ppp/4pn2/2p5/2PP4/5N2/PP2PPPP/RNBQKB1R w KQkq - 0 4,28,26,18
E10,"Indian Defense: Anti-Nimzo-Indian",rnbqk2r/1pp2ppp/4pn2/p2p4/1bPP4/5NP1/PP1BPPBP/RN1QK2R b KQkq - 1 6,10,8,7
E10,"Indian Defense: Anti-Nimzo-Indian",rnbqk2r/1pp2ppp/4pn2/p2p4/1bPP4/5NP1/PP1BPP1P/RN1QKB1R w KQkq - 0 6,10,10,8
E10,"Indian Defense: Anti-Nimzo-Indian",rnbqkb1r/pp1p1ppp/4pn2/2pP4/2P5/5N2/PP2PPPP/RNBQKB1R b KQkq - 0 4,26,22,13
E10,"Indian Defense: Anti-Nimzo-Indian",rnbq1rk1/1pp2ppp/4pn2/p2p4/1bPP4/5NP1/PP1BPPBP/RN1QK2R w KQ - 2 7,12,8,7
E10,"Indian Defense: Anti-Nimzo-Indian",rnbqk2r/pp2bppp/2p2n2/3p4/3P1B2/2N2N2/PP2PPPP/R2QKB1R w KQkq - 0 7,10,10,6
A51,"Indian Defense: Budapest Defense",rnbqkb1r/pppp1ppp/5n2/4p3/2PP4/8/PP2PPPP/RNBQKBNR w KQkq - 0 3,16,18,1
A52,"Indian Defense: Budapest Defense, Adler Variation",rnbqkb1r/pppp1ppp/5n2/4P3/2P5/8/PP2PPPP/RNBQKBNR b KQkq - 0 3,16,17,1
A46,"Indian Defense: London System",rnbqkb1r/pppp1ppp/4pn2/8/3P1B2/5N2/PPP1PPPP/RN1QKB1R b KQkq - 1 3,30,32,20
A46,"Indian Defense: London System",rnbqkb1r/pp3ppp/4pn2/2pp4/3P1B2/4PN2/PPPN1PPP/R2QKB1R b KQkq - 1 5,18,19,10
A46,"Indian Defense: London System",rnbqkbnr/pppp1ppp/4p3/8/3P4/5N2/PPP1PPPP/RNBQKB1R b KQkq - 1 2,14,15,12
A46,"Indian Defense: London System",rnbqkb1r/pp1p1ppp/4pn2/2p5/3P1B2/5N2/PPP1PPPP/RN1QKB1R w KQkq - 0 4,13,9,12
A46,"Indian Defense: London System",r1bqkb1r/pp3ppp/2n1pn2/2pp4/3P1B2/4PN2/PPPN1PPP/R2QKB1R w KQkq - 2 6,16,20,15
A50,"Indian Defense: Normal Variation",rnbqkb1r/pppp1ppp/4pn2/8/2PP4/2N5/PP2PPPP/R1BQKBNR b KQkq - 1 3,392,493,253
A50,"Indian Defense: Normal Variation",rnbqkb1r/pppp1ppp/4pn2/8/2PP4/8/PP2PPPP/RNBQKBNR w KQkq - 0 3,846,1161,607
A50,"Indian Defense: Normal Variation",rnbqkb1r/pppppppp/5n2/8/2PP4/8/PP2PPPP/RNBQKBNR b KQkq - 0 2,1538,1941,855
A50,"Indian Defense: Normal Variation",rnbqkb1r/pppppppp/5n2/8/3P4/8/PPP1PPPP/RNBQKBNR w KQkq - 1 2,1953,2444,1164
A43,"Indian Defense: Pseudo-Benko",rnbqkb1r/pp1ppppp/5n2/2p5/3P4/5N2/PPP1PPPP/RNBQKB1R w KQkq - 0 3,23,13,7
A43,"Indian Defense: Pseudo-Benko",rnbqkb1r/pp1ppppp/5n2/2pP4/8/5N2/PPP1PPPP/RNBQKB1R b KQkq - 0 3,18,10,4
A45,"Indian Defense: Tartakower Attack",rnbqkb1r/pppppppp/5n2/8/3P4/6P1/PPP1PP1P/RNBQKBNR b KQkq - 0 2,11,13,8
C50,"Italian Game",r1bqkbnr/pppp1ppp/2n5/4p3/2B1P3/5N2/PPPP1PPP/RNBQK2R b KQkq - 3 3,392,411,257
C54,"Italian Game: Classical Variation, Giuoco Pianissimo",r1bqk2r/1ppp1ppp/p1n2n2/2b1p3/2B1P3/2PP1N2/PP3PPP/RNBQK2R w KQkq - 0 6,13,13,9
C54,"Italian Game: Classical Variation, Giuoco Pianissimo",r1bqk2r/ppp2ppp/2np1n2/2b1p3/2B1P3/3P1N2/PPP2PPP/RNBQ1RK1 w kq - 0 6,27,40,13
C54,"Italian Game: Classical Variation, Giuoco Pianissimo",r1bqk2r/1pp2ppp/p1np1n2/2b1p3/2B1P3/2PP1N2/PP3PPP/RNBQ1RK1 w kq - 0 7,21,20,12
C54,"Italian Game: Classical Variation, Giuoco Pianissimo",rnbqkbnr/pppp1ppp/8/4p3/2B1P3/8/PPPP1PPP/RNBQK1NR b KQkq - 1 2,25,22,7
C54,"Italian Game: Classical Variation, Giuoco Pianissimo",r1bqk2r/ppp2ppp/2np1n2/2b1p3/2B1P3/2PP1N2/PP3PPP/RNBQ1RK1 b kq - 0 6,63,64,31
C54,"Italian Game: Classical Variation, Giuoco Pianissimo",r1bqk2r/bpp2ppp/p1np1n2/4p3/P1B1P3/2PP1N2/1P3PPP/RNBQ1RK1 w kq - 1 8,18,12,8
C54,"Italian Game: Classical Variation, Giuoco Pianissimo",r1bq1rk1/ppp2ppp/2np1n2/2b1p3/2B1P3/2PP1N2/PP3PPP/RNBQ1RK1 w - - 2 7,20,17,5
C54,"Italian Game: Classical Variation, Giuoco Pianissimo",r1bqk2r/pppp1ppp/2n2n2/2b1p3/2B1P3/3P1N2/PPP2PPP/RNBQ1RK1 b kq - 0 5,56,59,24
C54,"Italian Game: Classical Variation, Giuoco Pianissimo",r1bq1rk1/pppp1ppp/2n2n2/2b1p3/2B1P3/2PP1N2/PP3PPP/RNBQK2R w KQ - 1 6,14,9,7
C54,"Italian Game: Classical Variation, Giuoco Pianissimo",r1bqk2r/pppp1ppp/2n2n2/2b1p3/2B1P3/5N2/PPPP1PPP/RNBQ1RK1 w kq - 6 5,19,25,8
C54,"Italian Game: Classical Variation, Giuoco Pianissimo",r1bqk2r/1pp2ppp/p1np1n2/2b1p3/P1B1P3/2PP1N2/1P3PPP/RNBQ1RK1 b kq - 0 7,19,14,8
C54,"Italian Game: Classical Variation, Giuoco Pianissimo, with a5",r1bqk2r/1pp2ppp/2np1n2/p1b1p3/2B1P3/2PP1N2/PP3PPP/RNBQ1RK1 w kq - 0 7,34,30,18
C54,"Italian Game: Classical Variation, Giuoco Pianissimo, with d6",r1bqk2r/ppp2ppp/2np1n2/2b1p3/2B1P3/2PP1N2/PP3PPP/RNBQK2R w KQkq - 0 6,62,39,34
C54,"Italian Game: Classical Variation, Giuoco Pianissimo, with d6",r1bqk2r/pppp1ppp/2n2n2/2b1p3/2B1P3/2P2N2/PP1P1PPP/RNBQK2R w KQkq - 1 5,65,69,45
C54,"Italian Game: Classical Variation, Giuoco Pianissimo, with d6",r1bqk2r/pppp1ppp/2n2n2/2b1p3/2B1P3/2PP1N2/PP3PPP/RNBQK2R b KQkq - 0 5,95,69,58
C54,"Italian Game: Classical Variation, Giuoco Pianissimo, with d6",r1bqk1nr/pppp1ppp/2n5/2b1p3/2B1P3/2P2N2/PP1P1PPP/RNBQK2R b KQkq - 0 4,73,78,47
C54,"Italian Game: Classical Variation, Giuoco Pianissimo, with h6",r1bqk2r/ppp2pp1/2np1n1p/2b1p3/2B1P3/2PP1N2/PP3PPP/RNBQ1RK1 w kq - 0 7,11,12,7
C54,"Italian Game: Classical Variation, Greco Gambit, Traditional Line",r1bqk2r/pppp1ppp/2n2n2/2b1p3/2BPP3/2P2N2/PP3PPP/RNBQK2R b KQkq - 0 5,13,24,9
C54,"Italian Game: Classical Variation, Greco Gambit, Traditional Line",r1bqk2r/pppp1ppp/2n2n2/2b5/2BpP3/2P2N2/PP3PPP/RNBQK2R w KQkq - 0 6,13,24,10
C50,"Italian Game: Giuoco Pianissimo, Italian Four Knights Variation",r1bqk2r/pppp1pp1/2n2n1p/2b1p3/2B1P3/2NP1N2/PPP2PPP/R1BQK2R w KQkq - 0 6,8,16,10
C50,"Italian Game: Giuoco Pianissimo, Italian Four Knights Variation",r1bqk2r/pppp1ppp/2n2n2/2b1p3/2B1P3/2NP1N2/PPP2PPP/R1BQK2R b KQkq - 2 5,25,41,17
C50,"Italian Game: Giuoco Pianissimo, Italian Four Knights Variation",r1bqk2r/pppp1ppp/2n2n2/2b1p3/2B1P3/3P1N2/PPP2PPP/RNBQK2R w KQkq - 1 5,126,113,68
C50,"Italian Game: Giuoco Pianissimo, Italian Four Knights Variation",r1bqk2r/ppp2ppp/2np1n2/2b1p3/2B1P3/2NP1N2/PPP2PPP/R1BQK2R w KQkq - 0 6,8,14,4
C50,"Italian Game: Giuoco Pianissimo, Italian Four Knights Variation",r1bqk1nr/pppp1ppp/2n5/2b1p3/2B1P3/3P1N2/PPP2PPP/RNBQK2R b KQkq - 0 4,50,53,29
C50,"Italian Game: Giuoco Pianissimo, Normal",r1bqk2r/1pp2ppp/2np1n2/p1b1p3/2B1P3/2PP1N2/PP3PPP/RNBQR1K1 b kq - 1 7,18,22,14
C50,"Italian Game: Giuoco Pianissimo, Normal",r1bqk2r/ppp2pp1/2np1n1p/2b1p3/2B1P2B/2PP1N2/PP3PPP/RN1QK2R b KQkq - 0 7,18,5,8
C50,"Italian Game: Giuoco Piano",r1bq1rk1/1pp2pp1/2np1n1p/p1b1p3/2B1P3/2PP1N1P/PP1N1PP1/R1BQR1K1 b - - 1 9,15,15,4
C50,"Italian Game: Giuoco Piano",r1bq1rk1/1pp2ppp/2np1n2/p1b1p3/2B1P3/2PP1N2/PP3PPP/RNBQR1K1 w - - 0 8,15,12,9
C50,"Italian Game: Giuoco Piano",r1bq1rk1/1pp2pp1/2np1n1p/p1b1p3/2B1P3/2PP1N1P/PP3PP1/RNBQR1K1 w - - 0 9,17,17,4
C50,"Italian Game: Giuoco Piano",r1bq1rk1/1pp2ppp/2np1n2/p1b1p3/2B1P3/2PP1N1P/PP3PP1/RNBQR1K1 b - - 1 8,15,13,8
C50,"Italian Game: Giuoco Piano",r1bqk1nr/pppp1ppp/2n5/2b1p3/2B1P3/5N2/PPPP1PPP/RNBQ1RK1 b kq - 5 4,23,31,8
C50,"Italian Game: Giuoco Piano",r1bq1rk1/pppp1ppp/2n2n2/2b1p3/2B1P3/3P1N2/PPP2PPP/RNBQ1RK1 w - - 3 6,20,17,6
C50,"Italian Game: Giuoco Piano",r1bqk1nr/pppp1ppp/2n5/2b1p3/2B1P3/5N2/PPPP1PPP/RNBQK2R w KQkq - 4 4,157,176,89
C50,"Italian Game: Paris Defense",r1bqkbnr/ppp2ppp/2np4/4p3/2B1P3/5N2/PPPP1PPP/RNBQK2R w KQkq - 0 4,11,11,18
C56,"Italian Game: Scotch Gambit, Anderssen Attack",r1bqkb1r/pppp1ppp/2n2n2/8/2BpP3/5N2/PPP2PPP/RNBQK2R w KQkq - 2 5,11,12,11
C56,"Italian Game: Scotch Gambit, Anderssen Attack",r1bqkbnr/pppp1ppp/2n5/8/2BpP3/5N2/PPP2PPP/RNBQK2R b KQkq - 1 4,7,12,11
C56,"Italian Game: Scotch Gambit, Max Lange Attack",r1bqkb1r/pppp1ppp/2n2n2/4P3/2Bp4/5N2/PPP2PPP/RNBQK2R b KQkq - 0 5,9,10,11
C55,"Italian Game: Two Knights Defense, Modern Bishop's Opening",r1bqkb1r/pppp1pp1/2n2n1p/4p3/2B1P3/2PP1N2/PP3PPP/RNBQK2R b KQkq - 0 5,10,11,12
C55,"Italian Game: Two Knights Defense, Modern Bishop's Opening",r1bqkb1r/pppp1pp1/2n2n1p/4p3/2B1P3/3P1N2/PPP2PPP/RNBQK2R w KQkq - 0 5,25,37,31
C55,"Italian Game: Two Knights Defense, Modern Bishop's Opening",r1bqk2r/ppppbppp/2n2n2/4p3/2B1P3/3P1N2/PPP2PPP/RNBQ1RK1 b kq - 2 5,48,54,30
C55,"Italian Game: Two Knights Defense, Modern Bishop's Opening",r1bqkb1r/pppp1ppp/2n2n2/4p3/2B1P3/5N2/PPPP1PPP/RNBQK2R w KQkq - 4 4,219,216,150
C55,"Italian Game: Two Knights Defense, Modern Bishop's Opening",r1bq1rk1/ppppbppp/2n2n2/4p3/2B1P3/2NP1N2/PPP2PPP/R1BQ1RK1 b - - 4 6,11,20,7
C55,"Italian Game: Two Knights Defense, Modern Bishop's Opening",r1bqkb1r/pppp1ppp/2n2n2/4p3/2B1P3/3P1N2/PPP2PPP/RNBQK2R b KQkq - 0 4,185,185,130
C55,"Italian Game: Two Knights Defense, Modern Bishop's Opening",r1bqkb1r/ppp2pp1/2np1n1p/4p3/2B1P3/3P1N2/PPP2PPP/RNBQ1RK1 w kq - 0 6,6,14,9
C55,"Italian Game: Two Knights Defense, Modern Bishop's Opening",r1bq1rk1/ppp1bppp/2np1n2/4p3/P1B1P3/2NP1N2/1PP2PPP/R1BQ1RK1 b - - 0 7,10,22,9
C55,"Italian Game: Two Knights Defense, Modern Bishop's Opening",r1bqk2r/ppppbppp/2n2n2/4p3/2B1P3/2NP1N2/PPP2PPP/R1BQK2R b KQkq - 2 5,13,16,9
C55,"Italian Game: Two Knights Defense, Modern Bishop's Opening",r1bqkb1r/pppp1pp1/2n2n1p/4p3/2B1P3/3P1N2/PPP2PPP/RNBQ1RK1 b kq - 1 5,9,18,12
C55,"Italian Game: Two Knights Defense, Modern Bishop's Opening",r1bq1rk1/ppp1bppp/2np1n2/4p3/P1B1P3/3P1N2/1PP2PPP/RNBQR1K1 b - - 1 7,12,19,9
C55,"Italian Game: Two Knights Defense, Modern Bishop's Opening",r1bqkb1r/ppp2ppp/2n5/3np3/2B5/3P1N2/PPP2PPP/RNBQK2R w KQkq - 0 6,11,13,7
C55,"Italian Game: Two Knights Defense, Modern Bishop's Opening",r1bqkb1r/ppp2ppp/2n2n2/3Pp3/2B5/3P1N2/PPP2PPP/RNBQK2R b KQkq - 0 5,10,13,7
C55,"Italian Game: Two Knights Defense, Modern Bishop's Opening",r1bqkb1r/ppp2ppp/2n5/3np3/2B5/3P1N2/PPP2PPP/RNBQ1RK1 b kq - 1 6,10,11,6
C55,"Italian Game: Two Knights Defense, Modern Bishop's Opening",r1bq1rk1/ppppbppp/2n2n2/4p3/2B1P3/3P1N2/PPP2PPP/RNBQR1K1 b - - 4 6,19,21,11
C55,"Italian Game: Two Knights Defense, Modern Bishop's Opening",r1bq1rk1/ppp1bppp/2np1n2/4p3/2B1P3/3P1N2/PPP2PPP/RNBQR1K1 w - - 0 7,19,22,11
C55,"Italian Game: Two Knights Defense, Modern Bishop's Opening",r1bqkb1r/ppp2ppp/2n2n2/3pp3/2B1P3/3P1N2/PPP2PPP/RNBQK2R w KQkq - 0 5,10,13,7
C55,"Italian Game: Two Knights Defense, Modern Bishop's Opening",r1bqk2r/ppppbppp/2n2n2/4p3/2B1P3/3P1N2/PPP2PPP/RNBQK2R w KQkq - 1 5,66,70,44
C55,"Italian Game: Two Knights Defense, Modern Bishop's Opening",r1bq1rk1/ppppbppp/2n2n2/4p3/2B1P3/3P1N2/PPP2PPP/RNBQ1RK1 w - - 3 6,43,48,22
C55,"Italian Game: Two Knights Defense, Modern Bishop's Opening",r1bq1rk1/ppp1bppp/2np1n2/4p3/2B1P3/2NP1N2/PPP2PPP/R1BQ1RK1 w - - 0 7,11,20,7
C58,"Italian Game: Two Knights Defense, Polerio Defense, Bishop Check Line",r1bqkb1r/ppp2ppp/5n2/n2Pp1N1/2B5/8/PPPP1PPP/RNBQK2R w KQkq - 1 6,22,21,13
C58,"Italian Game: Two Knights Defense, Polerio Defense, Bishop Check Line",r1bqkb1r/p4ppp/2p5/n2np1N1/8/3B4/PPPP1PPP/RNBQK2R w KQkq - 2 9,9,11,10
C58,"Italian Game: Two Knights Defense, Polerio Defense, Bishop Check Line",r1bqkb1r/pp3ppp/2p2n2/nB1Pp1N1/8/8/PPPP1PPP/RNBQK2R w KQkq - 0 7,16,19,10
C58,"Italian Game: Two Knights Defense, Polerio Defense, Bishop Check Line",r1bqkb1r/p4ppp/2p2n2/n3p1N1/8/3B4/PPPP1PPP/RNBQK2R b KQkq - 1 8,12,15,10
C58,"Italian Game: Two Knights Defense, Polerio Defense, Bishop Check Line",r1bqkb1r/p4ppp/2p2n2/nB2p1N1/8/8/PPPP1PPP/RNBQK2R w KQkq - 0 8,16,19,10
C58,"Italian Game: Two Knights Defense, Polerio Defense, Bishop Check Line",r1bqkb1r/ppp2ppp/2n2n2/3Pp1N1/2B5/8/PPPP1PPP/RNBQK2R b KQkq - 0 5,29,25,13
C58,"Italian Game: Two Knights Defense, Polerio Defense, Bishop Check Line",r1bqkb1r/ppp2ppp/5n2/nB1Pp1N1/8/8/PPPP1PPP/RNBQK2R b KQkq - 2 6,20,21,13
C58,"Italian Game: Two Knights Defense, Polerio Defense, Bishop Check Line",r1bqkb1r/pp3ppp/2P2n2/nB2p1N1/8/8/PPPP1PPP/RNBQK2R b KQkq - 0 7,16,19,10
C58,"Italian Game: Two Knights Defense, Polerio Defense, Bishop Check Line",r1bqkb1r/pppp1ppp/2n2n2/4p1N1/2B1P3/8/PPPP1PPP/RNBQK2R b KQkq - 5 4,32,28,13
C58,"Italian Game: Two Knights Defense, Polerio Defense, Bishop Check Line",r1bqkb1r/ppp2ppp/2n2n2/3pp1N1/2B1P3/8/PPPP1PPP/RNBQK2R w KQkq - 0 5,29,25,13
C30,"King's Gambit Declined: Classical Variation",rnbqkbnr/pppp1ppp/8/4p3/4PP2/8/PPPP2PP/RNBQKBNR b KQkq - 0 2,8,20,5
A05,"King's Indian Attack",rnbqkb1r/pp2pppp/5n2/2pp4/8/5NP1/PPPPPPBP/RNBQK2R w KQkq - 0 4,24,39,18
A07,"King's Indian Attack",r1bqkbnr/pppnpppp/8/3p4/8/5NP1/PPPPPP1P/RNBQKB1R w KQkq - 1 3,15,23,11
A05,"King's Indian Attack",rnbqkb1r/pp2pppp/2p2n2/3p4/8/5NP1/PPPPPPBP/RNBQ1RK1 b kq - 3 4,12,16,6
A07,"King's Indian Attack",r1bqkbnr/ppp1pppp/2n5/3p4/8/5NP1/PPPPPP1P/RNBQKB1R w KQkq - 1 3,18,19,14
A05,"King's Indian Attack",rnbqkb1r/ppp2ppp/4pn2/3p4/8/5NP1/PPPPPPBP/RNBQK2R w KQkq - 0 4,67,75,33
A07,"King's Indian Attack",rnbqkbnr/pp2pppp/2p5/3p4/8/5NP1/PPPPPP1P/RNBQKB1R w KQkq - 0 3,18,18,12
A05,"King's Indian Attack",r1bqkb1r/pp3ppp/2n1pn2/2p5/2Pp4/4PNP1/PP1P1PBP/RNBQ1RK1 w kq - 1 7,15,18,15
A07,"King's Indian Attack",rnbqkbnr/ppp1pppp/8/3p4/8/6P1/PPPPPP1P/RNBQKBNR w KQkq - 0 2,15,16,17
A07,"King's Indian Attack",r1bqkbnr/pppnpppp/8/3p4/3P4/5NP1/PPP1PP1P/RNBQKB1R b KQkq - 0 3,13,18,6
A07,"King's Indian Attack",r2qkbnr/ppp1pppp/2n5/3p1b2/3P4/5NP1/PPP1PPBP/RNBQK2R b KQkq - 2 4,15,8,8
A05,"King's Indian Attack",rnbqkb1r/ppp1pppp/5n2/3p4/8/5NP1/PPPPPP1P/RNBQKB1R w KQkq - 0 3,103,145,59
A05,"King's Indian Attack",rnbqkb1r/pp3ppp/4pn2/2p5/2Pp4/4PNP1/PP1P1PBP/RNBQ1RK1 b kq - 0 6,13,17,13
A05,"King's Indian Attack",rnbqkb1r/pp2pppp/2p2n2/3p4/8/5NP1/PPPPPPBP/RNBQK2R w KQkq - 2 4,16,21,7
A05,"King's Indian Attack",rnbqkb1r/pp2pppp/5n2/2pp4/8/5NP1/PPPPPPBP/RNBQ1RK1 b kq - 1 4,22,34,17
A05,"King's Indian Attack",rnbq1rk1/ppp1bppp/4pn2/3p4/8/3P1NP1/PPP1PPBP/RNBQ1RK1 w - - 1 6,21,16,3
A05,"King's Indian Attack",rnbqkb1r/pp3ppp/4pn2/2p5/2Pp4/5NP1/PP1PPPBP/RNBQ1RK1 w kq - 0 6,19,19,18
A05,"King's Indian Attack",rnbqkbnr/ppp1pppp/8/3p4/8/5N2/PPPPPPPP/RNBQKB1R w KQkq - 0 2,415,445,247
A05,"King's Indian Attack",rnbqkb1r/pp3ppp/4pn2/2pp4/8/5NP1/PPPPPPBP/RNBQ1RK1 w kq - 0 5,15,24,10
A05,"King's Indian Attack",rnbqkbnr/ppp1pppp/8/3p4/8/5NP1/PPPPPP1P/RNBQKB1R b KQkq - 0 2,210,247,111
A07,"King's Indian Attack",r1bqkbnr/ppp1pppp/2n5/3p4/3P4/5NP1/PPP1PP1P/RNBQKB1R b KQkq - 0 3,20,16,12
A05,"King's Indian Attack",rnbqk2r/ppp1bppp/4pn2/3p4/8/3P1NP1/PPP1PPBP/RNBQ1RK1 b kq - 0 5,23,16,8
A07,"King's Indian Attack",r2qkbnr/ppp1pppp/2n5/3p1b2/3P4/5NP1/PPP1PP1P/RNBQKB1R w KQkq - 1 4,17,15,11
A05,"King's Indian Attack",rnbqkb1r/ppp1pppp/5n2/3p4/8/5NP1/PPPPPPBP/RNBQK2R b KQkq - 1 3,102,144,57
A05,"King's Indian Attack",rnbq1rk1/ppp1bppp/4pn2/3p4/3P4/5NP1/PPP1PPBP/RNBQ1RK1 w - - 4 6,11,19,5
A07,"King's Indian Attack",rnbqkbnr/pp2pppp/2p5/3p4/8/5NP1/PPPPPPBP/RNBQK2R b KQkq - 1 3,18,18,12
A05,"King's Indian Attack",r1bqk2r/pp3ppp/2nbpn2/8/2Pp4/3P1NP1/PP3PBP/RNBQ1RK1 w kq - 0 9,8,13,10
A07,"King's Indian Attack",r1bqkbnr/ppp1pppp/1n6/3p4/3P4/5NP1/PPP1PP1P/RNBQKB1R w KQkq - 1 4,12,14,6
A05,"King's Indian Attack",r1bqkb1r/pp3ppp/2n1pn2/2p5/2Pp4/3PPNP1/PP3PBP/RNBQ1RK1 b kq - 0 7,11,9,8
A05,"King's Indian Attack",rnbqk2r/ppp1bppp/4pn2/3p4/3P4/5NP1/PPP1PPBP/RNBQ1RK1 b kq - 3 5,12,19,6
A07,"King's Indian Attack: Double Fianchetto",rnbqkbnr/ppp1pp1p/6p1/3p4/8/5NP1/PPPPPP1P/RNBQKB1R w KQkq - 0 3,32,44,15
A07,"King's Indian Attack: Double Fianchetto",rnbqk1nr/ppp1ppbp/6p1/3p4/8/5NP1/PPPPPPBP/RNBQK2R w KQkq - 2 4,23,39,13
A07,"King's Indian Attack: Double Fianchetto",rnbqk2r/ppp1ppbp/5np1/3p4/3P4/5NP1/PPP1PPBP/RNBQK2R w KQkq - 2 5,17,35,7
A07,"King's Indian Attack: Double Fianchetto",rnbqkbnr/ppp1pp1p/6p1/3p4/8/5NP1/PPPPPPBP/RNBQK2R b KQkq - 1 3,23,39,13
A07,"King's Indian Attack: Double Fianchetto",rnbqk1nr/ppp1ppbp/6p1/3p4/3P4/5NP1/PPP1PPBP/RNBQK2R b KQkq - 0 4,15,33,5
A07,"King's Indian Attack: Double Fianchetto",rnbqk2r/ppp1ppbp/5np1/3p4/3P4/5NP1/PPP1PPBP/RNBQ1RK1 b kq - 3 5,13,32,5
A08,"King's Indian Attack: French Variation",rnbqkbnr/ppp1pppp/8/3p4/8/6P1/PPPPPPBP/RNBQK1NR b KQkq - 1 2,8,9,9
A08,"King's Indian Attack: French Variation",rnbqkbnr/pp2pppp/8/2pp4/8/5NP1/PPPPPPBP/RNBQK2R b KQkq - 1 3,15,18,9
A07,"King's Indian Attack: Keres Variation",rn1qkbnr/ppp1pppp/8/3p4/6b1/5NP1/PPPPPP1P/RNBQKB1R w KQkq - 1 3,26,26,11
A07,"King's Indian Attack: Keres Variation",r2qkbnr/pppnpppp/8/3p4/6b1/5NP1/PPPPPPBP/RNBQK2R w KQkq - 3 4,15,5,5
A07,"King's Indian Attack: Keres Variation",rn1qkbnr/ppp1pppp/8/3p4/6b1/5NP1/PPPPPPBP/RNBQK2R b KQkq - 2 3,24,24,9
A08,"King's Indian Attack: Sicilian Variation",rnbqkbnr/pp2pppp/8/2pp4/8/5NP1/PPPPPP1P/RNBQKB1R w KQkq - 0 3,16,18,10
A05,"King's Indian Attack: Spassky Variation",rnbqkb1r/p1pppppp/5n2/1p6/8/5NP1/PPPPPPBP/RNBQK2R b KQkq - 1 3,11,16,9
A05,"King's Indian Attack: Spassky Variation",rn1qkb1r/pbpppppp/5n2/1p6/8/5NP1/PPPPPPBP/RNBQK2R w KQkq - 2 4,11,16,9
A05,"King's Indian Attack: Spassky Variation",rnbqkb1r/p1pppppp/5n2/1p6/8/5NP1/PPPPPP1P/RNBQKB1R w KQkq - 0 3,13,19,12
A05,"King's Indian Attack: Symmetrical Defense",rnbq1rk1/pp2ppbp/2pp1np1/8/2PP4/2N2NP1/PP2PPBP/R1BQ1RK1 b - - 1 7,14,33,7
A05,"King's Indian Attack: Symmetrical Defense",rnbq1rk1/ppppppbp/5np1/8/8/1P3NP1/PBPPPP1P/RN1QKB1R w KQ - 1 5,19,11,4
A05,"King's Indian Attack: Symmetrical Defense",rnbq1rk1/ppp1ppbp/3p1np1/8/3P4/5NP1/PPP1PPBP/RNBQ1RK1 w - - 0 6,27,28,13
A05,"King's Indian Attack: Symmetrical Defense",rnbqkb1r/pppppp1p/5np1/8/8/1P3NP1/P1PPPP1P/RNBQKB1R b KQkq - 0 3,20,16,5
A05,"King's Indian Attack: Symmetrical Defense",rnbqk2r/ppppppbp/5np1/8/8/1P3NP1/P1PPPP1P/RNBQKB1R w KQkq - 1 4,18,14,4
A05,"King's Indian Attack: Symmetrical Defense",rnbqk2r/ppppppbp/5np1/8/8/5NP1/PPPPPPBP/RNBQ1RK1 b kq - 3 4,15,29,10
A05,"King's Indian Attack: Symmetrical Defense",rnbq1rk1/ppp1ppbp/5np1/3p4/3P4/5NP1/PPP1PPBP/RNBQ1RK1 w - - 4 6,15,43,12
A05,"King's Indian Attack: Symmetrical Defense",rnbq1rk1/ppppppbp/5np1/8/3P4/5NP1/PPP1PPBP/RNBQ1RK1 b - - 4 5,27,36,18
A05,"King's Indian Attack: Symmetrical Defense",rnbqk2r/ppppppbp/5np1/8/8/5NP1/PPPPPPBP/RNBQK2R w KQkq - 2 4,34,61,16
A05,"King's Indian Attack: Symmetrical Defense",rnbq1rk1/ppp1ppbp/3p1np1/8/2PP4/5NP1/PP2PPBP/RNBQ1RK1 b - - 1 6,35,55,19
A05,"King's Indian Attack: Symmetrical Defense",rnbqkb1r/pppppp1p/5np1/8/8/5NP1/PPPPPP1P/RNBQKB1R w KQkq - 0 3,57,80,21
A05,"King's Indian Attack: Symmetrical Defense",rnbq1rk1/ppppppbp/5np1/8/8/5NP1/PPPPPPBP/RNBQ1RK1 w - - 4 5,14,27,10
A05,"King's Indian Attack: Symmetrical Defense",rnbq1rk1/ppppppbp/5np1/8/8/1P3NP1/PBPPPPBP/RN1QK2R b KQ - 2 5,20,11,4
A05,"King's Indian Attack: Symmetrical Defense",rnbqkb1r/pppppp1p/5np1/8/8/5NP1/PPPPPPBP/RNBQK2R b KQkq - 1 3,34,60,16
A05,"King's Indian Attack: Symmetrical Defense",rnbq1rk1/ppp1ppbp/3p1np1/8/2P5/2N2NP1/PP1PPPBP/R1BQ1RK1 b - - 1 6,9,12,9
A05,"King's Indian Attack: Symmetrical Defense",rnbq1rk1/ppp1ppbp/3p1np1/8/2P5/5NP1/PP1PPPBP/RNBQ1RK1 w - - 0 6,15,20,10
A05,"King's Indian Attack: Symmetrical Defense",rnbqk2r/ppppppbp/5np1/8/8/1P3NP1/PBPPPP1P/RN1QKB1R b KQkq - 2 4,28,24,10
A07,"King's Indian Attack: Yugoslav Variation",rn1qkb1r/pp2pppp/2p2n2/3p4/6b1/5NP1/PPPPPPBP/RNBQ1RK1 w kq - 4 5,9,13,5
A07,"King's Indian Attack: Yugoslav Variation",rn1qkbnr/pp2pppp/2p5/3p4/6b1/5NP1/PPPPPPBP/RNBQK2R w KQkq - 2 4,14,22,11
E61,"King's Indian Defense",rnbqkb1r/pppppp1p/5np1/8/2PP4/2N5/PP2PPPP/R1BQKBNR b KQkq - 1 3,387,434,148
E61,"King's Indian Defense",rnbqkb1r/pp2pp1p/3p1np1/2pP4/2P1P3/2N5/PP3PPP/R1BQKBNR b KQkq - 0 5,12,16,0
E61,"King's Indian Defense",rnbqkb1r/pppppp1p/5np1/8/2PP4/8/PP2PPPP/RNBQKBNR w KQkq - 0 3,448,523,192
E61,"King's Indian Defense",rnbqkb1r/pp2pp1p/3p1np1/2pP4/2P5/2N5/PP2PPPP/R1BQKBNR w KQkq - 0 5,12,16,0
E73,"King's Indian Defense: Averbakh Variation, Modern Defense",rnbq1rk1/ppp1ppbp/3p1np1/6B1/2PPP3/2N5/PP2BPPP/R2QK1NR b KQ - 3 6,13,10,2
E61,"King's Indian Defense: Fianchetto Variation, Benjamin Defense",rnbq1rk1/pp2ppbp/2pp1np1/8/2PP4/2N2NP1/PP2PPBP/R1BQK2R w KQ - 0 7,14,24,4
E69,"King's Indian Defense: Fianchetto Variation, Classical Main Line",r1bq1rk1/pp1n1pbp/2pp1np1/4p3/2PPP3/2N2NPP/PP3PB1/R1BQ1RK1 b - - 0 9,12,16,1
E69,"King's Indian Defense: Fianchetto Variation, Classical Main Line",r1bq1rk1/pp1n1pbp/2pp1np1/4p3/2PPP3/2N2NP1/PP3PBP/R1BQ1RK1 w - - 0 9,14,19,1
E68,"King's Indian Defense: Fianchetto Variation, Classical Variation",rnbq1rk1/ppppppbp/5np1/8/2PP4/6P1/PP2PPBP/RNBQK1NR w KQ - 3 5,20,27,13
E68,"King's Indian Defense: Fianchetto Variation, Classical Variation",rnbqk1nr/ppp1ppbp/3p2p1/8/2PP4/5N2/PP2PPPP/RNBQKB1R w KQkq - 0 4,22,12,8
E68,"King's Indian Defense: Fianchetto Variation, Classical Variation",r1bq1rk1/pppnppbp/3p1np1/8/2PP4/2N2NP1/PP2PPBP/R1BQK2R w KQ - 2 7,19,19,13
E68,"King's Indian Defense: Fianchetto Variation, Classical Variation",rnbq1rk1/ppppppbp/5np1/8/2PP4/2N3P1/PP2PPBP/R1BQK1NR b KQ - 4 5,42,34,17
E68,"King's Indian Defense: Fianchetto Variation, Classical Variation",r1bq1rk1/pppnppbp/3p1np1/8/2PP4/5NP1/PP2PPBP/RNBQ1RK1 w - - 2 7,16,24,7
E68,"King's Indian Defense: Fianchetto Variation, Classical Variation",r1bq1rk1/pppnppbp/3p1np1/8/2PP4/2N2NP1/PP2PPBP/R1BQ1RK1 b - - 3 7,34,39,19
E68,"King's Indian Defense: Fianchetto Variation, Classical Variation",rnbqk2r/ppp1ppbp/3p1np1/8/2PP4/5NP1/PP2PPBP/RNBQK2R b KQkq - 2 5,9,14,4
E68,"King's Indian Defense: Fianchetto Variation, Classical Variation",rnbq1rk1/ppp1ppbp/3p1np1/8/2PP4/2N3P1/PP2PPBP/R1BQK1NR w KQ - 0 6,40,26,20
E68,"King's Indian Defense: Fianchetto Variation, Classical Variation",r1bq1rk1/pppn1pbp/3p1np1/4p3/2PP4/2N2NP1/PP2PPBP/R1BQ1RK1 w - - 0 8,33,41,18
E68,"King's Indian Defense: Fianchetto Variation, Classical Variation",rnbqkb1r/ppp1pppp/3p1n2/8/3P4/5N2/PPP1PPPP/RNBQKB1R w KQkq - 0 3,37,40,19
E68,"King's Indian Defense: Fianchetto Variation, Classical Variation",rnbqk1nr/ppppppbp/6p1/8/2PP4/5N2/PP2PPPP/RNBQKB1R b KQkq - 2 3,19,17,8
E68,"King's Indian Defense: Fianchetto Variation, Classical Variation",rnbqkb1r/ppp1pp1p/3p1np1/8/2PP4/5N2/PP2PPPP/RNBQKB1R w KQkq - 0 4,25,19,12
E68,"King's Indian Defense: Fianchetto Variation, Classical Variation",r1bq1rk1/pppn1pbp/3p1np1/4p3/2PPP3/2N2NP1/PP3PBP/R1BQ1RK1 b - - 0 8,24,31,16
E67,"King's Indian Defense: Fianchetto Variation, Debrecen Defense",rnbq1rk1/ppp1ppbp/3p1np1/8/2PP4/2N2NP1/PP2PP1P/R1BQKB1R w KQ - 1 6,13,19,2
E62,"King's Indian Defense: Fianchetto Variation, Delayed Fianchetto",rnbqk2r/ppp1ppbp/3p1np1/8/2PP4/2N2NP1/PP2PP1P/R1BQKB1R b KQkq - 0 5,11,20,2
E63,"King's Indian Defense: Fianchetto Variation, Panno Variation",r1bq1rk1/ppp1ppbp/2np1np1/8/2PP4/2N2NP1/PP2PPBP/R1BQK2R w KQ - 2 7,22,17,5
E62,"King's Indian Defense: Fianchetto Variation, Uhlmann-Szabo System",r1bq1rk1/ppp1ppbp/2np1np1/8/2PP4/2N2NP1/PP2PPBP/R1BQ1RK1 b - - 3 7,18,23,5
E65,"King's Indian Defense: Fianchetto Variation, Yugoslav Variation",rnbq1rk1/ppppppbp/5np1/8/2PP4/5NP1/PP2PPBP/RNBQK2R b KQ - 4 5,29,51,18
E65,"King's Indian Defense: Fianchetto Variation, Yugoslav Variation",rnbq1rk1/ppppppbp/5np1/8/2PP4/5NP1/PP2PP1P/RNBQKB1R w KQ - 1 5,14,21,13
E65,"King's Indian Defense: Fianchetto Variation, Yugoslav Variation",rnbq1rk1/ppp1ppbp/3p1np1/8/2PP4/5NP1/PP2PPBP/RNBQK2R w KQ - 0 6,31,58,15
E65,"King's Indian Defense: Fianchetto Variation, Yugoslav Variation",rnbq1rk1/ppp1ppbp/3p1np1/8/2PP4/2N2NP1/PP2PPBP/R1BQK2R b KQ - 1 6,63,68,28
E65,"King's Indian Defense: Fianchetto Variation, Yugoslav Variation, Exchange Line",rnbqkb1r/pp1ppppp/5n2/2p5/2P5/5NP1/PP1PPP1P/RNBQKB1R b KQkq - 0 3,12,18,5
E71,"King's Indian Defense: Makogonov Variation",rnbqk2r/ppp1ppbp/3p1np1/8/2PPP3/2N4P/PP3PP1/R1BQKBNR b KQkq - 0 5,36,29,32
E71,"King's Indian Defense: Makogonov Variation",rnbq1rk1/ppp1ppbp/3p1np1/8/2PPP3/2N1B2P/PP3PP1/R2QKBNR b KQ - 2 6,22,15,19
E71,"King's Indian Defense: Makogonov Variation",rnbqkb1r/pppppp1p/5np1/8/2P5/2N5/PP1PPPPP/R1BQKBNR w KQkq - 0 3,29,17,14
E71,"King's Indian Defense: Makogonov Variation",rnbq1rk1/ppp1ppbp/3p1np1/8/2PPP3/2N4P/PP3PP1/R1BQKBNR w KQ - 1 6,24,22,22
E60,"King's Indian Defense: Normal Variation, King's Knight Variation",rnbqkb1r/pppppp1p/5np1/8/2PP4/5N2/PP2PPPP/RNBQKB1R b KQkq - 1 3,40,45,36
E60,"King's Indian Defense: Normal Variation, King's Knight Variation",rnbqkb1r/pppppp1p/5np1/8/2P5/5N2/PP1PPPPP/RNBQKB1R w KQkq - 0 3,67,55,32
E60,"King's Indian Defense: Normal Variation, King's Knight Variation",rnbq1rk1/ppppppbp/5np1/8/2PP4/2N2N2/PP2PPPP/R1BQKB1R w KQ - 4 5,16,18,9
E60,"King's Indian Defense: Normal Variation, King's Knight Variation",rnbqk2r/ppppppbp/5np1/8/2PP4/5NP1/PP2PP1P/RNBQKB1R b KQkq - 0 4,20,30,18
E60,"King's Indian Defense: Normal Variation, King's Knight Variation",rnbq1rk1/ppp1ppbp/3p1np1/8/2PPP3/2N2N1P/PP3PP1/R1BQKB1R b KQ - 0 6,23,23,10
E60,"King's Indian Defense: Normal Variation, King's Knight Variation",rnbqk2r/ppppppbp/5np1/8/2PP4/5N2/PP2PPPP/RNBQKB1R w KQkq - 2 4,38,43,34
E90,"King's Indian Defense: Normal Variation, Rare Defenses",rnbqk2r/ppp1ppbp/3p1np1/8/2P1P3/2N2N2/PP1P1PPP/R1BQKB1R w KQkq - 0 5,20,9,9
E90,"King's Indian Defense: Normal Variation, Rare Defenses",rnbqk2r/pp2ppbp/3p1np1/2pP4/2P1P3/2N2N2/PP3PPP/R1BQKB1R b KQkq - 2 6,12,15,3
E90,"King's Indian Defense: Normal Variation, Rare Defenses",rnbq1rk1/pp2ppbp/3p1np1/2pP4/2P1P3/2N2N2/PP3PPP/R1BQKB1R w KQ - 2 7,10,12,3
E90,"King's Indian Defense: Normal Variation, Rare Defenses",rn1qk2r/ppp1ppbp/3p1np1/8/2PPP1b1/2N2N2/PP3PPP/R1BQKB1R w KQkq - 2 6,13,10,4
E90,"King's Indian Defense: Normal Variation, Rare Defenses",rnbq1rk1/pp2ppbp/3p1np1/2pP4/2P1P3/2N2N1P/PP3PP1/R1BQKB1R b KQ - 0 7,10,12,5
E90,"King's Indian Defense: Normal Variation, Rare Defenses",rnbq1rk1/pp3pbp/3ppnp1/2pP4/2P1P3/2N2N1P/PP3PP1/R1BQKB1R w KQ - 2 8,9,13,5
E73,"King's Indian Defense: Normal Variation, Standard Development",rnbqk2r/ppp1ppbp/3p1np1/8/2PPP3/2N5/PP2BPPP/R1BQK1NR b KQkq - 1 5,71,68,26
E73,"King's Indian Defense: Normal Variation, Standard Development",rnbq1rk1/ppp1ppbp/3p1np1/8/2PPP3/2N5/PP2BPPP/R1BQK1NR w KQ - 2 6,65,63,26
E91,"King's Indian Defense: Orthodox Variation",rnbq1rk1/ppp1ppbp/3p1np1/8/2PPP3/2N2N2/PP3PPP/R1BQKB1R w KQ - 1 6,157,155,45
E91,"King's Indian Defense: Orthodox Variation",rnbqk1nr/ppp1ppbp/3p2p1/8/2PPP3/8/PP3PPP/RNBQKBNR w KQkq - 1 4,19,14,7
E91,"King's Indian Defense: Orthodox Variation",rnbqk2r/ppp1ppbp/3p1np1/8/2PPP3/2N2N2/PP3PPP/R1BQKB1R b KQkq - 0 5,164,161,38
E91,"King's Indian Defense: Orthodox Variation",rnbq1rk1/ppppppbp/5np1/8/2PPP3/2N2N2/PP3PPP/R1BQKB1R b KQ - 0 5,15,12,11
E91,"King's Indian Defense: Orthodox Variation",rnbqk2r/ppppppbp/5np1/8/2P5/2N2N2/PP1PPPPP/R1BQKB1R w KQkq - 2 4,36,26,15
E91,"King's Indian Defense: Orthodox Variation",rnbqkb1r/pppppp1p/5np1/8/2P5/2N2N2/PP1PPPPP/R1BQKB1R b KQkq - 1 3,48,31,16
E91,"King's Indian Defense: Orthodox Variation",rnbqk2r/ppppppbp/5np1/8/2P1P3/2N2N2/PP1P1PPP/R1BQKB1R b KQkq - 0 4,26,13,10
E95,"King's Indian Defense: Orthodox Variation",r1bqk1nr/pppnppbp/3p2p1/8/2PPP3/2N2N2/PP3PPP/R1BQKB1R b KQkq - 2 5,15,10,1
E91,"King's Indian Defense: Orthodox Variation",rnbq1rk1/ppp1ppbp/3p1np1/8/2PPP3/2N2N2/PP2BPPP/R1BQK2R b KQ - 2 6,152,152,35
E91,"King's Indian Defense: Orthodox Variation",rnbqk1nr/ppp1ppbp/3p2p1/8/2PPP3/2N5/PP3PPP/R1BQKBNR b KQkq - 0 4,42,56,10
E91,"King's Indian Defense: Orthodox Variation",rnbqk1nr/ppppppbp/6p1/8/2PPP3/8/PP3PPP/RNBQKBNR b KQkq - 0 3,30,21,10
E97,"King's Indian Defense: Orthodox Variation, Aronin-Taimanov Defense",r1bq1rk1/ppp2pbp/2np1np1/4p3/2PPP3/2N2N2/PP2BPPP/R1BQ1RK1 w - - 2 8,31,37,3
E98,"King's Indian Defense: Orthodox Variation, Classical System",r1bq1rk1/ppp2pbp/2np1np1/3Pp3/2P1P3/2N2N2/PP2BPPP/R1BQ1RK1 b - - 0 8,31,35,3
E98,"King's Indian Defense: Orthodox Variation, Classical System",r1bq1rk1/ppp1npbp/3p1np1/3Pp3/2P1P3/2N5/PP2BPPP/R1BQNRK1 b - - 2 9,13,18,2
E98,"King's Indian Defense: Orthodox Variation, Classical System",r1bq1rk1/ppp1npbp/3p1np1/3Pp3/2P1P3/2N2N2/PP2BPPP/R1BQ1RK1 w - - 1 9,31,35,3
E94,"King's Indian Defense: Orthodox Variation, Glek Defense",r1bq1rk1/ppp2pbp/n2p1np1/4p3/2PPP3/2N2N2/PP2BPPP/R1BQ1RK1 w - - 0 8,17,16,7
E94,"King's Indian Defense: Orthodox Variation, Glek Defense",rnbq1rk1/ppp2pbp/3p1np1/4p3/2PPP3/2N2N2/PP2BPPP/R1BQK2R w KQ - 0 7,105,111,24
E94,"King's Indian Defense: Orthodox Variation, Glek Defense",rnbq1rk1/ppp2pbp/3p1np1/4p3/2PPP3/2N2N2/PP2BPPP/R1BQ1RK1 b - - 1 7,73,76,15
E94,"King's Indian Defense: Orthodox Variation, Glek Defense",rnbqk2r/ppp1ppbp/3p1np1/8/2PPP3/2N5/PP3PPP/R1BQKBNR w KQkq - 0 5,290,319,113
E92,"King's Indian Defense: Orthodox Variation, Gligoric-Taimanov System",rnbq1rk1/ppp2pbp/3p1np1/4p3/2PPP3/2N1BN2/PP2BPPP/R2QK2R b KQ - 1 7,12,18,3
E92,"King's Indian Defense: Orthodox Variation, Gligoric-Taimanov System",rnbqkb1r/pppppp1p/5np1/8/2P1P3/2N5/PP1P1PPP/R1BQKBNR b KQkq - 0 3,12,6,8
E92,"King's Indian Defense: Orthodox Variation, Gligoric-Taimanov System",rnbqkb1r/ppp1pp1p/3p1np1/8/2PPP3/2N5/PP3PPP/R1BQKBNR b KQkq - 0 4,10,6,10
E92,"King's Indian Defense: Orthodox Variation, Gligoric-Taimanov System",rnbqkb1r/ppp1pp1p/3p1np1/8/2PP4/2N2N2/PP2PPPP/R1BQKB1R b KQkq - 1 4,19,16,9
E92,"King's Indian Defense: Orthodox Variation, Gligoric-Taimanov System",r1bq1rk1/ppp2pbp/n2p1np1/4p3/2PPP3/2N1BN2/PP2BPPP/R2Q1RK1 b - - 1 8,9,13,7
E94,"King's Indian Defense: Orthodox Variation, Positional Defense",r1bq1rk1/pppn1pbp/3p1np1/4p3/2PPP3/2N2N2/PP2BPPP/R1BQ1RK1 w - - 0 8,30,20,5
E94,"King's Indian Defense: Orthodox Variation, Positional Defense",r1bq1rk1/pppn1pbp/3p1np1/4p3/2PPP3/2N1BN2/PP2BPPP/R2Q1RK1 b - - 1 8,20,12,2
E96,"King's Indian Defense: Orthodox Variation, Positional Defense, Main Line",rnbqk1nr/ppp1ppbp/3p2p1/8/2PP4/2N5/PP2PPPP/R1BQKBNR w KQkq - 0 4,34,49,6
E92,"King's Indian Defense: Petrosian Variation, Stein Defense",rnbq1rk1/ppp2pbp/3p1np1/3Pp3/2P1P3/2N2N2/PP2BPPP/R1BQK2R b KQ - 0 7,18,12,6
E73,"King's Indian Defense: Semi-Averbakh System",rnbq1rk1/ppp1ppbp/3p1np1/8/2PPP3/2N1B3/PP2BPPP/R2QK1NR b KQ - 3 6,24,27,17
E61,"King's Indian Defense: Smyslov Variation",rnbqk2r/ppp1ppbp/3p1np1/8/2PP4/2N2N2/PP2PPPP/R1BQKB1R w KQkq - 2 5,31,30,8
E81,"King's Indian Defense: Steiner Attack",rnbqkb1r/pppppp1p/5np1/8/2PP4/5P2/PP2P1PP/RNBQKBNR b KQkq - 0 3,11,14,4
E87,"King's Indian Defense: Sämisch Variation, Closed Variation",rnbq1rk1/ppp2pbp/3p2p1/3Pp2n/2P1P3/2N1BP2/PP1Q2PP/R3KBNR b KQ - 2 8,11,12,2
E87,"King's Indian Defense: Sämisch Variation, Closed Variation",rnbq1rk1/ppp2pbp/3p1np1/3Pp3/2P1P3/2N1BP2/PP4PP/R2QKBNR b KQ - 0 7,18,21,3
E87,"King's Indian Defense: Sämisch Variation, Closed Variation",rnbq1rk1/ppp2pbp/3p2p1/3Pp2n/2P1P3/2N1BP2/PP4PP/R2QKBNR w KQ - 1 8,12,12,2
E87,"King's Indian Defense: Sämisch Variation, Closed Variation",rnbq1rk1/ppp2pbp/3p1np1/4p3/2PPP3/2N1BP2/PP4PP/R2QKBNR w KQ - 0 7,19,28,3
E81,"King's Indian Defense: Sämisch Variation, Normal Defense",rnbq1rk1/ppp1ppbp/3p1np1/8/2PPP3/2N2P2/PP4PP/R1BQKBNR w KQ - 1 6,46,58,18
E81,"King's Indian Defense: Sämisch Variation, Normal Defense",rnbqk2r/ppppppbp/5np1/8/2PP4/2N5/PP2PPPP/R1BQKBNR w KQkq - 2 4,319,345,111
E81,"King's Indian Defense: Sämisch Variation, Normal Defense",rnbqk2r/ppp1ppbp/3p1np1/8/2PPP3/2N2P2/PP4PP/R1BQKBNR b KQkq - 0 5,53,73,20
E81,"King's Indian Defense: Sämisch Variation, Normal Defense",rnbq1rk1/ppp1ppbp/3p1np1/8/2PPP3/2N1BP2/PP4PP/R2QKBNR b KQ - 2 6,31,41,12
E81,"King's Indian Defense: Sämisch Variation, Normal Defense",rnbqk2r/ppppppbp/5np1/8/2PPP3/2N5/PP3PPP/R1BQKBNR b KQkq - 0 4,282,305,105
C44,"King's Knight Opening: Normal Variation",rnbqkbnr/pppp1ppp/8/4p3/4P3/5N2/PPPP1PPP/RNBQKB1R b KQkq - 1 2,1246,1730,761
C44,"King's Knight Opening: Normal Variation",r1bqkbnr/pppp1ppp/2n5/4p3/4P3/5N2/PPPP1PPP/RNBQKB1R w KQkq - 2 3,1103,1498,699
C20,"King's Pawn Game",rnbqkbnr/pppp1ppp/8/4p3/4P3/8/PPPP1PPP/RNBQKBNR w KQkq - 0 2,1327,1831,807
B06,"Modern Defense",rnbqk1nr/pp1pppbp/2p3p1/8/3PP3/5N2/PPP2PPP/RNBQKB1R w KQkq - 0 4,11,8,6
B06,"Modern Defense",rnbqk1nr/ppp1ppbp/3p2p1/8/2BPP3/5N2/PPP2PPP/RNBQK2R b KQkq - 1 4,12,12,4
A40,"Modern Defense: Beefeater Variation",rnbqk1nr/ppppppbp/6p1/8/2PP4/2N5/PP2PPPP/R1BQKBNR b KQkq - 2 3,40,48,10
B07,"Modern Defense: Geller's System",rnbqk1nr/ppppppbp/6p1/8/3PP3/5N2/PPP2PPP/RNBQKB1R b KQkq - 2 3,69,56,26
B07,"Modern Defense: Geller's System",rnbqk1nr/ppp1ppbp/3p2p1/8/3PP3/5N2/PPP2PPP/RNBQKB1R w KQkq - 0 4,39,35,18
A42,"Modern Defense: Kotov Variation",r1bqk1nr/ppp1ppbp/2np2p1/8/2PPP3/2N5/PP3PPP/R1BQKBNR w KQkq - 1 5,11,18,2
B06,"Modern Defense: Modern Pterodactyl",r1bqk1nr/pp1pppbp/2n3p1/8/3NP3/2N1B3/PPP2PPP/R2QKB1R b KQkq - 4 6,15,27,19
B06,"Modern Defense: Modern Pterodactyl",r1bqk1nr/pp1pppbp/2n3p1/8/3NP3/2N5/PPP2PPP/R1BQKB1R w KQkq - 3 6,19,29,22
B06,"Modern Defense: Modern Pterodactyl",rnbqk1nr/ppppppbp/6p1/8/3PP3/2N5/PPP2PPP/R1BQKBNR b KQkq - 2 3,93,110,35
B06,"Modern Defense: Standard Defense",rnbqk1nr/ppp1ppbp/3p2p1/8/3PP3/2N1B3/PPP2PPP/R2QKBNR b KQkq - 1 4,41,32,20
B06,"Modern Defense: Standard Defense",rnbqkbnr/ppp1pp1p/3p2p1/8/3PP3/8/PPP2PPP/RNBQKBNR w KQkq - 0 3,20,21,5
B06,"Modern Defense: Standard Defense",rnbqk1nr/ppppppbp/6p1/8/3PP3/8/PPP2PPP/RNBQKBNR w KQkq - 1 3,184,180,59
B06,"Modern Defense: Standard Defense",rnbqkbnr/ppp1pp1p/3p2p1/8/3PP3/2N5/PPP2PPP/R1BQKBNR b KQkq - 1 3,12,12,5
B06,"Modern Defense: Standard Defense",rnbqkbnr/pppppp1p/6p1/8/3PP3/8/PPP2PPP/RNBQKBNR b KQkq - 0 2,193,192,64
B06,"Modern Defense: Standard Defense",rnbqk1nr/ppp1ppbp/3p2p1/8/3PP3/2N5/PPP2PPP/R1BQKBNR w KQkq - 0 4,72,73,32
B06,"Modern Defense: Standard Defense",rnbqk1nr/pp2ppbp/2pp2p1/8/3PP3/2N1B3/PPP2PPP/R2QKBNR w KQkq - 0 5,17,8,2
B06,"Modern Defense: Standard Defense",rnbqkbnr/pppppp1p/6p1/8/4P3/8/PPPP1PPP/RNBQKBNR w KQkq - 0 2,171,180,55
B06,"Modern Defense: Standard Defense",rnbqk1nr/1pp1ppbp/p2p2p1/8/3PP3/2N1B3/PPP2PPP/R2QKBNR w KQkq - 0 5,17,18,15
B06,"Modern Defense: Standard Line",rnbqk1nr/pp1pppbp/2p3p1/8/3PP3/2N5/PPP2PPP/R1BQKBNR w KQkq - 0 4,18,31,4
D78,"Neo-Grünfeld Defense: Classical Variation, Original Defense",rnbqk2r/pp2ppbp/2p2np1/3p4/2PP4/5NP1/PP2PPBP/RNBQK2R w KQkq - 0 6,7,12,6
D71,"Neo-Grünfeld Defense: Exchange Variation",rnbqk2r/ppppppbp/5np1/8/2PP4/6P1/PP2PP1P/RNBQKBNR w KQkq - 1 4,25,37,18
D71,"Neo-Grünfeld Defense: Exchange Variation",rnbqk2r/ppppppbp/5np1/8/2PP4/6P1/PP2PPBP/RNBQK1NR b KQkq - 2 4,26,37,18
D71,"Neo-Grünfeld Defense: Exchange Variation",rnbqkb1r/pppppp1p/5np1/8/2PP4/6P1/PP2PP1P/RNBQKBNR b KQkq - 0 3,35,50,21
D79,"Neo-Grünfeld Defense: Ultra-Delayed Exchange Variation",rnbqkb1r/pppppp1p/5np1/8/3P4/5N2/PPP1PPPP/RNBQKB1R w KQkq - 0 3,79,96,54
D79,"Neo-Grünfeld Defense: Ultra-Delayed Exchange Variation",rnbqkb1r/pppppp1p/5np1/8/3P4/5NP1/PPP1PP1P/RNBQKB1R b KQkq - 0 3,20,30,16
D79,"Neo-Grünfeld Defense: Ultra-Delayed Exchange Variation",rnbqk2r/ppppppbp/5np1/8/2P5/5NP1/PP1PPPBP/RNBQK2R b KQkq - 2 4,19,24,12
D79,"Neo-Grünfeld Defense: Ultra-Delayed Exchange Variation",rnbqk2r/ppppppbp/5np1/8/3P4/5NP1/PPP1PP1P/RNBQKB1R w KQkq - 1 4,20,26,15
D79,"Neo-Grünfeld Defense: Ultra-Delayed Exchange Variation",rnbq1rk1/ppppppbp/5np1/8/2P5/5NP1/PP1PPPBP/RNBQK2R w KQ - 3 5,17,22,11
D79,"Neo-Grünfeld Defense: Ultra-Delayed Exchange Variation",rnbq1rk1/pp2ppbp/2p2np1/3p4/2PP4/5NP1/PP2PPBP/RNBQ1RK1 w - - 0 7,15,42,11
D79,"Neo-Grünfeld Defense: Ultra-Delayed Exchange Variation",rnbqk2r/ppppppbp/5np1/8/3P4/5NP1/PPP1PPBP/RNBQK2R b KQkq - 2 4,36,51,17
D79,"Neo-Grünfeld Defense: Ultra-Delayed Exchange Variation",rnbq1rk1/ppppppbp/5np1/8/3P4/5NP1/PPP1PPBP/RNBQK2R w KQ - 3 5,31,44,13
D79,"Neo-Grünfeld Defense: Ultra-Delayed Exchange Variation",rnbq1rk1/pp2ppbp/5np1/3p4/3P4/5NP1/PP2PPBP/RNBQ1RK1 w - - 2 8,4,20,3
D79,"Neo-Grünfeld Defense: Ultra-Delayed Exchange Variation",rnbq1rk1/ppp1ppbp/5np1/3p4/2PP4/5NP1/PP2PPBP/RNBQ1RK1 b - - 0 6,11,38,9
E41,"Nimzo-Indian Defense",rnbqk2r/pp1p1ppp/4pn2/2p5/1bPP4/2N1P3/PP3PPP/R1BQKBNR w KQkq - 0 5,9,15,5
E32,"Nimzo-Indian Defense: Classical Variation",rnbq1rk1/pppp1ppp/4pn2/8/1bPP4/2N5/PPQ1PPPP/R1B1KBNR w KQ - 4 5,17,17,7
E39,"Nimzo-Indian Defense: Classical Variation, Berlin Variation, Pirc Variation",rnbqk2r/pp1p1ppp/4pn2/2P5/1bP5/2N5/PPQ1PPPP/R1B1KBNR b KQkq - 0 5,9,15,2
E39,"Nimzo-Indian Defense: Classical Variation, Berlin Variation, Pirc Variation",rnbqk2r/pp1p1ppp/4pn2/2p5/1bPP4/2N5/PPQ1PPPP/R1B1KBNR w KQkq - 0 5,9,15,2
E36,"Nimzo-Indian Defense: Classical Variation, Noa Variation",rnbqk2r/ppp2ppp/4pn2/3p4/1bPP4/P1N5/1PQ1PPPP/R1B1KBNR b KQkq - 0 5,6,19,6
E36,"Nimzo-Indian Defense: Classical Variation, Noa Variation",rnbqk2r/ppp2ppp/4pn2/3p4/1bPP4/2N5/PPQ1PPPP/R1B1KBNR w KQkq - 0 5,14,29,13
E35,"Nimzo-Indian Defense: Classical Variation, Noa Variation",rnbqk2r/ppp2ppp/4pn2/3P4/1b1P4/2N5/PPQ1PPPP/R1B1KBNR b KQkq - 0 5,8,10,7
E36,"Nimzo-Indian Defense: Classical Variation, Noa Variation",rnbq1rk1/ppp2ppp/4pn2/3p4/2PP4/P1Q5/1P2PPPP/R1B1KBNR w KQ - 1 7,10,13,4
E36,"Nimzo-Indian Defense: Classical Variation, Noa Variation",rnbqk2r/pppp1ppp/4pn2/8/1bPP4/2N5/PPQ1PPPP/R1B1KBNR b KQkq - 3 4,55,75,32
E36,"Nimzo-Indian Defense: Classical Variation, Noa Variation",rnbqk2r/ppp2ppp/4pn2/3p4/2PP4/P1b5/1PQ1PPPP/R1B1KBNR w KQkq - 0 6,6,19,6
E36,"Nimzo-Indian Defense: Classical Variation, Noa Variation",rnbqk2r/ppp2ppp/4pn2/3p4/2PP4/P1Q5/1P2PPPP/R1B1KBNR b KQkq - 0 6,6,18,6
E20,"Nimzo-Indian Defense: Kmoch Variation",rnbqk2r/pp1p1ppp/4pn2/2p5/1bPP4/2N2P2/PP2P1PP/R1BQKBNR w KQkq - 0 5,13,9,12
E20,"Nimzo-Indian Defense: Kmoch Variation",rnbqk2r/pp1p1ppp/4pn2/2pP4/1bP5/2N2P2/PP2P1PP/R1BQKBNR b KQkq - 0 5,11,7,12
E47,"Nimzo-Indian Defense: Normal Variation",rnbqr1k1/ppp2ppp/4pn2/3p4/1bPP4/2NBP3/PP2NPPP/R1BQK2R w KQ - 0 7,7,12,9
E46,"Nimzo-Indian Defense: Normal Variation",rnbq1rk1/p1p2ppp/1p3n2/3p4/1b1P4/2N1PN2/PP1B1PPP/R2QKB1R w KQ - 0 8,16,16,4
E47,"Nimzo-Indian Defense: Normal Variation",rnbq1rk1/pp1p1ppp/4pn2/2p5/1bPP4/2NBP3/PP3PPP/R1BQK1NR w KQ - 0 6,14,9,10
E46,"Nimzo-Indian Defense: Normal Variation",rnbq1rk1/p1p2ppp/1p2pn2/3P4/1b1P4/2N1PN2/PP1B1PPP/R2QKB1R b KQ - 0 7,16,16,4
E46,"Nimzo-Indian Defense: Normal Variation",rnbq1rk1/p1p2ppp/1p2pn2/3p4/1bPP4/2N1PN2/PP1B1PPP/R2QKB1R w KQ - 0 7,17,19,6
E47,"Nimzo-Indian Defense: Normal Variation",rnbqr1k1/pppp1ppp/4pn2/8/1bPP4/2NBP3/PP2NPPP/R1BQK2R b KQ - 4 6,8,14,8
E46,"Nimzo-Indian Defense: Normal Variation",rnbq1rk1/ppp2ppp/4pn2/3p4/1bPP4/2N1PN2/PP1B1PPP/R2QKB1R b KQ - 4 6,22,28,14
E47,"Nimzo-Indian Defense: Normal Variation",rnbqr1k1/pppp1ppp/4pn2/8/1bPP4/2NBP3/PP3PPP/R1BQK1NR w KQ - 3 6,8,16,9
E46,"Nimzo-Indian Defense: Normal Variation",rnbq1rk1/pppp1ppp/4pn2/8/1bPP4/2N1P3/PP1B1PPP/R2QKBNR b KQ - 2 5,22,32,14
E46,"Nimzo-Indian Defense: Normal Variation",rnbq1rk1/ppp2ppp/4pn2/3p4/1bPP4/2N1P3/PP1B1PPP/R2QKBNR w KQ - 3 6,12,20,10
E49,"Nimzo-Indian Defense: Normal Variation, Botvinnik System",rnbq1rk1/ppp2ppp/4pn2/3p4/2PP4/P1PBP3/5PPP/R1BQK1NR b KQ - 0 7,25,34,16
E49,"Nimzo-Indian Defense: Normal Variation, Botvinnik System",rnb2rk1/ppq2ppp/4pn2/2p5/2BP4/P1P1P3/4NPPP/R1BQK2R w KQ - 2 10,13,17,9
E49,"Nimzo-Indian Defense: Normal Variation, Botvinnik System",rnbq1rk1/ppp2ppp/4pn2/8/2BP4/P1P1P3/5PPP/R1BQK1NR b KQ - 0 8,19,32,13
E49,"Nimzo-Indian Defense: Normal Variation, Botvinnik System",rnbq1rk1/pp3ppp/4pn2/2p5/2BP4/P1P1P3/5PPP/R1BQK1NR w KQ - 0 9,19,33,13
E49,"Nimzo-Indian Defense: Normal Variation, Botvinnik System",rnbq1rk1/ppp2ppp/4pn2/8/2pP4/P1PBP3/5PPP/R1BQK1NR w KQ - 0 8,18,31,13
E49,"Nimzo-Indian Defense: Normal Variation, Botvinnik System",rnbq1rk1/pp3ppp/4pn2/2p5/2BP4/P1P1P3/4NPPP/R1BQK2R b KQ - 1 9,15,19,9
E48,"Nimzo-Indian Defense: Normal Variation, Classical Defense",rnbq1rk1/ppp2ppp/4pn2/3p4/2PP4/P1bBP3/1P3PPP/R1BQK1NR w KQ - 0 7,25,35,16
E48,"Nimzo-Indian Defense: Normal Variation, Classical Defense",rnbq1rk1/pppp1ppp/4pn2/8/1bPP4/2NBP3/PP3PPP/R1BQK1NR b KQ - 2 5,76,116,55
E48,"Nimzo-Indian Defense: Normal Variation, Classical Defense",rnbq1rk1/ppp2ppp/4pn2/3p4/1bPP4/P1NBP3/1P3PPP/R1BQK1NR b KQ - 0 6,33,48,17
E48,"Nimzo-Indian Defense: Normal Variation, Classical Defense",rnbq1rk1/ppp2ppp/4pn2/3P4/1b1P4/2NBP3/PP3PPP/R1BQK1NR b KQ - 0 6,10,14,9
E48,"Nimzo-Indian Defense: Normal Variation, Classical Defense",rnbq1rk1/pppp1ppp/4pn2/8/1bPP4/2N1P3/PP3PPP/R1BQKBNR w KQ - 1 5,124,164,82
E48,"Nimzo-Indian Defense: Normal Variation, Classical Defense",rnbq1rk1/ppp2ppp/4pn2/3p4/1bPP4/2NBP3/PP3PPP/R1BQK1NR w KQ - 0 6,48,87,34
E48,"Nimzo-Indian Defense: Normal Variation, Classical Defense",rnbq1rk1/ppp2ppp/5n2/3p4/1b1P4/2NBP3/PP3PPP/R1BQK1NR w KQ - 0 7,10,14,9
E54,"Nimzo-Indian Defense: Normal Variation, Gligoric System, Exchange Variation",rnbq1rk1/pp3ppp/4pn2/2p5/1bBP4/2N1PN2/PP3PPP/R1BQ1RK1 b - - 1 8,5,17,4
E54,"Nimzo-Indian Defense: Normal Variation, Gligoric System, Exchange Variation",rnbqk2r/ppp2ppp/4pn2/3p4/1bPP4/2N1PN2/PP3PPP/R1BQKB1R b KQkq - 0 5,12,16,7
E54,"Nimzo-Indian Defense: Normal Variation, Gligoric System, Exchange Variation",rnbq1rk1/ppp2ppp/4pn2/8/1bBP4/2N1PN2/PP3PPP/R1BQK2R b KQ - 0 7,5,16,4
E54,"Nimzo-Indian Defense: Normal Variation, Gligoric System, Exchange Variation",rnbq1rk1/ppp2ppp/4pn2/3p4/1bPP4/2N1PN2/PP3PPP/R1BQKB1R w KQ - 1 6,13,17,6
E54,"Nimzo-Indian Defense: Normal Variation, Gligoric System, Exchange Variation",rnbq1rk1/ppp2ppp/4pn2/3p4/1bPP4/2NBPN2/PP3PPP/R1BQK2R b KQ - 1 6,5,24,7
E54,"Nimzo-Indian Defense: Normal Variation, Gligoric System, Exchange Variation",rnbq1rk1/ppp2ppp/4pn2/8/1bpP4/2NBPN2/PP3PPP/R1BQK2R w KQ - 0 7,5,16,4
E54,"Nimzo-Indian Defense: Normal Variation, Gligoric System, Exchange Variation",rnbq1rk1/pp3ppp/4pn2/2p5/1bBP4/2N1PN2/PP3PPP/R1BQK2R w KQ - 0 8,5,16,4
E24,"Nimzo-Indian Defense: S",rnbqk2r/pppp1ppp/4pn2/8/1bPP4/2N5/PP2PPPP/R1BQKBNR w KQkq - 2 4,309,390,187
E43,"Nimzo-Indian Defense: St. Petersburg Variation",rnbqk2r/pppp1ppp/4pn2/8/1bPP4/2N1P3/PP3PPP/R1BQKBNR b KQkq - 0 4,176,224,103
E43,"Nimzo-Indian Defense: St. Petersburg Variation",rnbqk2r/p1pp1ppp/1p2pn2/8/1bPP4/2N1P3/PP3PPP/R1BQKBNR w KQkq - 0 5,29,29,10
E43,"Nimzo-Indian Defense: St. Petersburg Variation",rnbqk2r/p1pp1ppp/1p2pn2/8/1bPP4/2N2N2/PP2PPPP/R1BQKB1R w KQkq - 0 5,6,12,9
E44,"Nimzo-Indian Defense: St. Petersburg Variation, Romanishin–Psakhis Variation",rnbqk2r/p1pp1ppp/1p2pn2/8/1bPP4/2N1P3/PP2NPPP/R1BQKB1R b KQkq - 1 5,22,16,9
E24,"Nimzo-Indian Defense: Sämisch Variation",rnbqk2r/pppp1ppp/4pn2/8/1bPP4/P1N5/1P2PPPP/R1BQKBNR b KQkq - 0 4,29,22,12
E28,"Nimzo-Indian Defense: Sämisch Variation",rnbq1rk1/pppp1ppp/4pn2/8/2PP4/P1P1P3/5PPP/R1BQKBNR b KQ - 0 6,18,9,7
E28,"Nimzo-Indian Defense: Sämisch Variation",rnbq1rk1/pppp1ppp/4pn2/8/2PP4/P1b1P3/1P3PPP/R1BQKBNR w KQ - 0 6,18,8,7
E24,"Nimzo-Indian Defense: Sämisch Variation",rnbqk2r/pppp1ppp/4pn2/8/2PP4/P1P5/4PPPP/R1BQKBNR b KQkq - 0 5,29,22,12
E24,"Nimzo-Indian Defense: Sämisch Variation",rnbqk2r/pp1p1ppp/4pn2/2p5/2PP4/P1P5/4PPPP/R1BQKBNR w KQkq - 0 6,8,15,2
E24,"Nimzo-Indian Defense: Sämisch Variation",rnbqk2r/pppp1ppp/4pn2/8/2PP4/P1b5/1P2PPPP/R1BQKBNR w KQkq - 0 5,29,22,12
E28,"Nimzo-Indian Defense: Sämisch Variation",rnbq1rk1/pppp1ppp/4pn2/8/1bPP4/P1N1P3/1P3PPP/R1BQKBNR b KQ - 0 5,18,8,7
E25,"Nimzo-Indian Defense: Sämisch Variation, Keres Variation",rnbqk2r/pppp1ppp/4pn2/8/1bPP4/2N2P2/PP2P1PP/R1BQKBNR b KQkq - 0 4,23,24,16
E21,"Nimzo-Indian Defense: Three Knights Variation",rnbqk2r/pppp1ppp/4pn2/8/1bPP4/2N2N2/PP2PPPP/R1BQKB1R b KQkq - 3 4,21,31,15
A06,"Nimzo-Larsen Attack: Classical Variation",rnbqkbnr/ppp1pppp/8/3p4/8/1P3N2/P1PPPPPP/RNBQKB1R b KQkq - 0 2,45,27,24
A06,"Nimzo-Larsen Attack: Classical Variation",rnbqkbnr/pp2pppp/8/2pp4/8/1P3N2/P1PPPPPP/RNBQKB1R w KQkq - 0 3,12,9,8
A01,"Nimzo-Larsen Attack: Classical Variation",rnbqkbnr/ppp1pppp/8/3p4/8/1P6/PBPPPPPP/RN1QKBNR b KQkq - 1 2,15,14,8
A06,"Nimzo-Larsen Attack: Classical Variation",rn1qkbnr/ppp1pppp/8/3p1b2/8/1P3N2/PBPPPPPP/RN1QKB1R b KQkq - 2 3,15,6,8
A01,"Nimzo-Larsen Attack: Classical Variation",rn1qkb1r/ppp1pppp/5n2/3p1b2/8/1P3N2/PBPPPPPP/RN1QKB1R w KQkq - 3 4,13,13,8
A06,"Nimzo-Larsen Attack: Classical Variation",rnbqkb1r/ppp2ppp/4pn2/3p4/8/1P3N2/PBPPPPPP/RN1QKB1R w KQkq - 0 4,16,8,6
A06,"Nimzo-Larsen Attack: Classical Variation",rnbqkb1r/ppp1pppp/5n2/3p4/8/1P3N2/P1PPPPPP/RNBQKB1R w KQkq - 1 3,28,19,15
A01,"Nimzo-Larsen Attack: Classical Variation",rnbqkb1r/ppp1pppp/5n2/3p4/8/1P3N2/PBPPPPPP/RN1QKB1R b KQkq - 2 3,34,26,16
A01,"Nimzo-Larsen Attack: Classical Variation",rnbqkbnr/pppppppp/8/8/8/1P6/P1PPPPPP/RNBQKBNR b KQkq - 0 1,48,51,21
A01,"Nimzo-Larsen Attack: Classical Variation",rnbqkbnr/ppp1pppp/8/3p4/8/1P6/P1PPPPPP/RNBQKBNR w KQkq - 0 2,16,16,10
A06,"Nimzo-Larsen Attack: Classical Variation",rn1qkbnr/ppp1pppp/8/3p1b2/8/1P3N2/P1PPPPPP/RNBQKB1R w KQkq - 1 3,13,6,9
A01,"Nimzo-Larsen Attack: Modern Variation",rnbqkbnr/pppp1ppp/8/4p3/8/1P6/P1PPPPPP/RNBQKBNR w KQkq - 0 2,18,13,3
A01,"Nimzo-Larsen Attack: Modern Variation",rnbqkbnr/pppp1ppp/8/4p3/8/1P6/PBPPPPPP/RN1QKBNR b KQkq - 1 2,18,13,3
B00,"Nimzowitsch Defense: Breyer Variation",rnbqkbnr/pppp1ppp/8/4p3/4P3/2N5/PPPP1PPP/R1BQKBNR b KQkq - 1 2,30,47,26
B00,"Nimzowitsch Defense: Breyer Variation",r1bqkbnr/pppp1ppp/2n5/4p3/4P3/2N5/PPPP1PPP/R1BQKBNR w KQkq - 2 3,11,15,5
B00,"Nimzowitsch Defense: Williams Variation",r1bqkbnr/pppppppp/2n5/8/4P3/8/PPPP1PPP/RNBQKBNR w KQkq - 1 2,22,24,21
B00,"Nimzowitsch Defense: Williams Variation",r1bqkb1r/ppp1pppp/2np1n2/8/3PP3/2N2N2/PPP2PPP/R1BQKB1R b KQkq - 2 4,14,9,13
B00,"Nimzowitsch Defense: Williams Variation",r1bqkbnr/ppp1pppp/2np4/8/3PP3/5N2/PPP2PPP/RNBQKB1R b KQkq - 0 3,15,11,14
B00,"Nimzowitsch Defense: Williams Variation",r1bqkb1r/ppp1pppp/2np1n2/8/3PP3/5N2/PPP2PPP/RNBQKB1R w KQkq - 1 4,15,11,14
B00,"Nimzowitsch Defense: Williams Variation",r1bqkbnr/ppp1pppp/2np4/8/4P3/5N2/PPPP1PPP/RNBQKB1R w KQkq - 0 3,15,10,13
A53,"Old Indian Defense",rnbqkb1r/ppp1pppp/3p1n2/8/2PP4/8/PP2PPPP/RNBQKBNR w KQkq - 0 3,81,82,10
A53,"Old Indian Defense",rnbqkb1r/ppp1pppp/3p1n2/8/2PP4/5N2/PP2PPPP/RNBQKB1R b KQkq - 1 3,40,32,15
A53,"Old Indian Defense: Janowski Variation",rnbqkb1r/ppp1pppp/3p1n2/8/2PP4/2N5/PP2PPPP/R1BQKBNR b KQkq - 1 3,65,71,6
A55,"Old Indian Defense: Normal Variation",r1bqk2r/pp1nbppp/2pp1n2/4p3/2PPP3/2N2N2/PP2BPPP/R1BQ1RK1 b kq - 5 7,14,15,0
A55,"Old Indian Defense: Normal Variation",r1bq1rk1/pp1nbppp/2pp1n2/4p3/2PPP3/2N2N2/PP2BPPP/R1BQ1RK1 w - - 0 8,14,19,0
A55,"Old Indian Defense: Normal Variation",r1bqk2r/pp1nbppp/2pp1n2/4p3/2PPP3/2N2N2/PP2BPPP/R1BQK2R w KQkq - 4 7,14,17,0
A55,"Old Indian Defense: Normal Variation",r1bqkb1r/pppn1ppp/3p1n2/4p3/2PP4/2N2N2/PP2PPPP/R1BQKB1R w KQkq - 2 5,29,44,2
A55,"Old Indian Defense: Normal Variation",r1bqk2r/pppnbppp/3p1n2/4p3/2PPP3/2N2N2/PP3PPP/R1BQKB1R w KQkq - 1 6,16,32,2
A55,"Old Indian Defense: Normal Variation",r1bqkb1r/pppnpppp/3p1n2/8/2PP4/2N2N2/PP2PPPP/R1BQKB1R b KQkq - 2 4,13,20,2
A55,"Old Indian Defense: Normal Variation",r1bqk2r/pppnbppp/3p1n2/4p3/2PPP3/2N2N2/PP2BPPP/R1BQK2R b KQkq - 2 6,10,24,2
A55,"Old Indian Defense: Normal Variation",r1bqkb1r/pppnpppp/3p1n2/8/2PP4/2N5/PP2PPPP/R1BQKBNR w KQkq - 2 4,15,24,0
A55,"Old Indian Defense: Normal Variation",r1bqkb1r/pppn1ppp/3p1n2/4p3/2PPP3/2N2N2/PP3PPP/R1BQKB1R b KQkq - 0 5,27,41,2
A54,"Old Indian Defense: Two Knights Variation",rnbqkb1r/ppp2ppp/3p1n2/4p3/2PP4/2N2N2/PP2PPPP/R1BQKB1R b KQkq - 1 4,39,39,3
A54,"Old Indian Defense: Ukrainian Variation",rnbqkb1r/ppp2ppp/3p1n2/4p3/2PP4/2N5/PP2PPPP/R1BQKBNR w KQkq - 0 4,39,39,4
B00,"Owen Defense",rn1qkbnr/pbpp1ppp/1p2p3/8/3PP3/3B4/PPP2PPP/RNBQK1NR w KQkq - 0 4,15,25,2
B00,"Owen Defense",rn1qkbnr/pbpppppp/1p6/8/3PP3/3B4/PPP2PPP/RNBQK1NR b KQkq - 2 3,21,34,2
B00,"Owen Defense",rnbqkbnr/p1pppppp/1p6/8/4P3/8/PPPP1PPP/RNBQKBNR w KQkq - 0 2,26,36,3
B00,"Owen Defense",rn1qkbnr/pbpp1ppp/1p2p3/8/3PP3/3B1N2/PPP2PPP/RNBQK2R b KQkq - 1 4,10,15,0
B00,"Owen Defense",rnbqkbnr/p1pppppp/1p6/8/3PP3/8/PPP2PPP/RNBQKBNR b KQkq - 0 2,25,38,2
B00,"Owen Defense",rn1qkbnr/pbpppppp/1p6/8/3PP3/8/PPP2PPP/RNBQKBNR w KQkq - 1 3,24,38,2
C42,"Petrov's Defense",rnbqkb1r/pppp1ppp/5n2/4N3/4P3/8/PPPP1PPP/RNBQKB1R b KQkq - 0 3,70,134,30
C42,"Petrov's Defense",rnbqkb1r/pppp1ppp/5n2/4p3/4P3/5N2/PPPP1PPP/RNBQKB1R w KQkq - 2 3,114,204,51
C42,"Petrov's Defense",rnbqkb1r/ppp2ppp/3p1n2/4N3/4P3/8/PPPP1PPP/RNBQKB1R w KQkq - 0 4,67,129,30
C42,"Petrov's Defense: Classical Attack",rn1qk2r/ppp1bppp/8/3p1b2/3Pn3/3B1N2/PPP2PPP/RNBQ1RK1 w kq - 4 8,7,17,4
C42,"Petrov's Defense: Classical Attack, Mason-Showalter Variation",rnbqkb1r/ppp2ppp/8/3p4/3Pn3/5N2/PPP2PPP/RNBQKB1R w KQkq - 0 6,25,46,10
C42,"Petrov's Defense: Classical Attack, Mason-Showalter Variation",rnbqkb1r/ppp2ppp/8/3p4/3Pn3/3B1N2/PPP2PPP/RNBQK2R b KQkq - 1 6,25,46,10
C42,"Petrov's Defense: Classical Attack, Mason-Showalter Variation",rnbqkb1r/ppp2ppp/3p4/8/3Pn3/5N2/PPP2PPP/RNBQKB1R b KQkq - 0 5,28,46,10
C42,"Petrov's Defense: Classical Attack, Staunton Variation",rnbq1rk1/ppp2ppp/3b4/3p4/3Pn3/3B1N2/PPP2PPP/RNBQ1RK1 w - - 4 8,9,15,4
C42,"Petrov's Defense: Classical Attack, Staunton Variation",rnbqk2r/ppp2ppp/3b4/3p4/3Pn3/3B1N2/PPP2PPP/RNBQK2R w KQkq - 2 7,9,15,4
C42,"Petrov's Defense: Classical Attack, Staunton Variation",rnbq1rk1/ppp2ppp/3b4/3p4/2PPn3/3B1N2/PP3PPP/RNBQ1RK1 b - - 0 8,8,13,4
C42,"Petrov's Defense: Classical Attack, Staunton Variation",rnbq1rk1/pp3ppp/2pb4/3p4/2PPn3/3B1N2/PP3PPP/RNBQ1RK1 w - - 0 9,8,13,4
C42,"Petrov's Defense: Classical Attack, Staunton Variation",rnbqk2r/ppp2ppp/3b4/3p4/3Pn3/3B1N2/PPP2PPP/RNBQ1RK1 b kq - 3 7,9,15,4
C43,"Petrov's Defense: Modern Attack",rnbqkb1r/pppp1ppp/8/4P3/4n3/5N2/PPP2PPP/RNBQKB1R b KQkq - 0 4,12,7,6
C43,"Petrov's Defense: Modern Attack, Center Variation",r1bqkb1r/pppn1ppp/8/3pN3/3Pn3/3B4/PPP2PPP/RNBQK2R w KQkq - 1 6,8,24,3
C43,"Petrov's Defense: Modern Attack, Center Variation",rnbqkb1r/ppp2ppp/8/3pp3/3Pn3/3B1N2/PPP2PPP/RNBQK2R w KQkq - 0 5,13,32,4
C43,"Petrov's Defense: Modern Attack, Center Variation",rnbqkb1r/pppp1ppp/8/4p3/3Pn3/3B1N2/PPP2PPP/RNBQK2R b KQkq - 1 4,13,34,4
C43,"Petrov's Defense: Modern Attack, Center Variation",rnbqkb1r/pppp1ppp/8/4p3/3Pn3/5N2/PPP2PPP/RNBQKB1R w KQkq - 0 4,25,41,10
C43,"Petrov's Defense: Modern Attack, Center Variation",rnbqkb1r/ppp2ppp/8/3pN3/3Pn3/3B4/PPP2PPP/RNBQK2R b KQkq - 0 5,11,32,3
C43,"Petrov's Defense: Modern Attack, Center Variation",rnbqkb1r/pppp1ppp/5n2/4p3/3PP3/5N2/PPP2PPP/RNBQKB1R b KQkq - 0 3,28,44,11
C42,"Petrov's Defense: Nimzowitsch Attack",rnbqkb1r/ppp2ppp/3p4/8/8/2n2N2/PPPP1PPP/R1BQKB1R w KQkq - 0 6,15,20,5
C42,"Petrov's Defense: Nimzowitsch Attack",rnbqk2r/ppp1bppp/3p4/8/8/2P2N2/PPP2PPP/R1BQKB1R w KQkq - 1 7,14,18,5
C42,"Petrov's Defense: Nimzowitsch Attack",rnbqkb1r/ppp2ppp/3p4/8/4n3/5N2/PPPP1PPP/RNBQKB1R w KQkq - 0 5,60,114,26
C42,"Petrov's Defense: Nimzowitsch Attack",rnbqkb1r/ppp2ppp/3p4/8/8/2P2N2/PPP2PPP/R1BQKB1R b KQkq - 0 6,15,19,5
C42,"Petrov's Defense: Nimzowitsch Attack",rnbqk2r/ppp1bppp/3p4/8/8/2P1BN2/PPP2PPP/R2QKB1R b KQkq - 2 7,7,15,3
C42,"Petrov's Defense: Nimzowitsch Attack",rnbqkb1r/ppp2ppp/3p4/8/4n3/2N2N2/PPPP1PPP/R1BQKB1R b KQkq - 1 5,19,25,8
C42,"Petrov's Defense: Nimzowitsch Attack",rnbqkb1r/ppp2ppp/3p1n2/8/4P3/5N2/PPPP1PPP/RNBQKB1R b KQkq - 1 4,60,114,26
C41,"Philidor Defense: Exchange Variation",rnbqkb1r/ppp2ppp/3p1n2/8/3NP3/8/PPP2PPP/RNBQKB1R w KQkq - 1 5,8,9,9
C41,"Philidor Defense: Exchange Variation",rnbqkbnr/ppp2ppp/3p4/4p3/3PP3/5N2/PPP2PPP/RNBQKB1R b KQkq - 0 3,26,26,11
C41,"Philidor Defense: Exchange Variation",rnbqkbnr/ppp2ppp/3p4/8/3pP3/5N2/PPP2PPP/RNBQKB1R w KQkq - 0 4,18,18,11
C41,"Philidor Defense: Exchange Variation",rnbqk2r/ppp1bppp/3p1n2/8/3NP3/2N5/PPP2PPP/R1BQKB1R w KQkq - 3 6,6,8,11
C41,"Philidor Defense: Exchange Variation",rnbqkbnr/ppp2ppp/3p4/4p3/4P3/5N2/PPPP1PPP/RNBQKB1R w KQkq - 0 3,26,27,11
C41,"Philidor Defense: Exchange Variation",rnbqkbnr/ppp2ppp/3p4/8/3NP3/8/PPP2PPP/RNBQKB1R b KQkq - 0 4,13,12,9
C41,"Philidor Defense: Exchange Variation",rnbqkb1r/ppp2ppp/3p1n2/8/3NP3/2N5/PPP2PPP/R1BQKB1R b KQkq - 2 5,10,11,13
C41,"Philidor Defense: Lion Variation",r1bq1rk1/pp1nbppp/2pp1n2/4p3/P1BPP3/2N2N2/1PP2PPP/R1BQ1RK1 w - - 0 8,10,18,6
C41,"Philidor Defense: Lion Variation",rnbqkbnr/ppp1pppp/3p4/8/3PP3/8/PPP2PPP/RNBQKBNR b KQkq - 0 2,187,195,84
C41,"Philidor Defense: Lion Variation",r1bq1rk1/pppnbppp/3p1n2/4p3/2BPP3/2N2N2/PPP2PPP/R1BQ1RK1 w - - 6 7,14,26,18
C41,"Philidor Defense: Lion Variation",rnbqkb1r/ppp1pppp/3p1n2/8/3PP3/8/PPP2PPP/RNBQKBNR w KQkq - 1 3,164,169,79
C41,"Philidor Defense: Lion Variation",r1bqkb1r/pppn1ppp/3p1n2/4p3/2BPP3/2N2N2/PPP2PPP/R1BQK2R b KQkq - 3 5,21,32,22
C41,"Philidor Defense: Lion Variation",r1bq1rk1/pp1nbpp1/2pp1n1p/4p3/P1BPP3/2N2N1P/1PP2PP1/R1BQR1K1 b - - 0 9,9,7,11
C41,"Philidor Defense: Lion Variation",rnbqkbnr/ppp1pppp/3p4/8/4P3/8/PPPP1PPP/RNBQKBNR w KQkq - 0 2,177,179,78
C41,"Philidor Defense: Lion Variation",r1bqkb1r/pppn1ppp/3p1n2/4p3/3PP3/2N2N2/PPP2PPP/R1BQKB1R w KQkq - 2 5,41,52,38
C41,"Philidor Defense: Lion Variation",r1bq1rk1/pp1nbppp/2pp1n2/4p3/P1BPP3/2N2N2/1PP2PPP/R1BQR1K1 b - - 0 8,15,17,11
C41,"Philidor Defense: Lion Variation",r1bqr1k1/pp1nbpp1/2pp1n1p/4p3/P1BPP3/2N2N1P/1PP2PP1/R1BQR1K1 w - - 1 10,9,7,11
C41,"Philidor Defense: Lion Variation",r1bqk2r/pppnbppp/3p1n2/4p3/2BPP3/2N2N2/PPP2PPP/R1BQ1RK1 b kq - 5 6,16,28,18
C41,"Philidor Defense: Lion Variation",r1bq1rk1/pp1nbpp1/2pp1n1p/4p3/P1BPP3/2N2N2/1PP2PPP/R1BQR1K1 w - - 0 9,10,9,10
C41,"Philidor Defense: Lion Variation",r1bq1rk1/pppnbppp/3p1n2/4p3/P1BPP3/2N2N2/1PP2PPP/R1BQ1RK1 b - - 0 7,12,20,8
C41,"Philidor Defense: Lion Variation",rnbqkb1r/ppp1pppp/3p1n2/8/3PP3/2N5/PPP2PPP/R1BQKBNR b KQkq - 2 3,152,161,72
C41,"Philidor Defense: Lion Variation",r1bqk2r/pppnbppp/3p1n2/4p3/2BPP3/2N2N2/PPP2PPP/R1BQK2R w KQkq - 4 6,21,32,22
C41,"Philidor Defense: Lion Variation",rnbqkb1r/ppp2ppp/3p1n2/4p3/3PP3/2N2N2/PPP2PPP/R1BQKB1R b KQkq - 1 4,39,50,42
B00,"Pirc Defense",rnbqkb1r/ppp2ppp/5n2/4p3/4P3/2N5/PPP2PPP/R1BQKBNR w KQkq - 0 5,8,12,5
B00,"Pirc Defense",rnbqkb1r/ppp2ppp/3p1n2/4P3/4P3/2N5/PPP2PPP/R1BQKBNR b KQkq - 0 4,8,12,5
B00,"Pirc Defense",rnbk1b1r/ppp2ppp/5n2/4p3/4P3/2N5/PPP2PPP/R1B1KBNR w KQ - 0 6,8,12,5
B00,"Pirc Defense",rnbQkb1r/ppp2ppp/5n2/4p3/4P3/2N5/PPP2PPP/R1B1KBNR b KQkq - 0 5,8,12,5
B00,"Pirc Defense",rnbqkb1r/ppp2ppp/3p1n2/4p3/3PP3/2N5/PPP2PPP/R1BQKBNR w KQkq - 0 4,51,74,54
B07,"Pirc Defense",rnbqkb1r/ppp1pp1p/3p1np1/8/3PP3/2N1B3/PPP2PPP/R2QKBNR b KQkq - 1 4,15,17,7
B09,"Pirc Defense: Austrian Attack, Dragon Formation",rnbqkb1r/ppp1pp1p/3p1np1/8/3PPP2/2N5/PPP3PP/R1BQKBNR b KQkq - 0 4,27,14,4
B09,"Pirc Defense: Austrian Attack, Dragon Formation",rnbqk2r/ppp1ppbp/3p1np1/8/3PPP2/2N5/PPP3PP/R1BQKBNR w KQkq - 1 5,26,15,5
B09,"Pirc Defense: Austrian Attack, Dragon Formation",rnbqk2r/ppp1ppbp/3p1np1/8/3PPP2/2N2N2/PPP3PP/R1BQKB1R b KQkq - 2 5,26,15,4
B09,"Pirc Defense: Austrian Attack, Weiss Variation",rnbq1rk1/ppp1ppbp/3p1np1/8/3PPP2/2N2N2/PPP3PP/R1BQKB1R w KQ - 3 6,17,11,2
B09,"Pirc Defense: Austrian Attack, Weiss Variation",rnbqk1nr/ppp1ppbp/3p2p1/8/3PPP2/2N5/PPP3PP/R1BQKBNR b KQkq - 0 4,11,16,5
B07,"Pirc Defense: Byrne Variation",rnbqkb1r/ppp1pp1p/3p1np1/8/3PP3/2N5/PPP2PPP/R1BQKBNR w KQkq - 0 4,85,66,19
B08,"Pirc Defense: Classical Variation",rnbqkb1r/ppp1pp1p/3p1np1/8/3PP3/2N2N2/PPP2PPP/R1BQKB1R b KQkq - 3 4,26,28,3
B08,"Pirc Defense: Classical Variation",rnbqk1nr/ppp1ppbp/3p2p1/8/3PP3/2N2N2/PPP2PPP/R1BQKB1R b KQkq - 2 4,13,21,8
B08,"Pirc Defense: Classical Variation, Quiet System",rnbq1rk1/ppp1ppbp/3p1np1/8/3PP3/2N2N2/PPP1BPPP/R1BQK2R w KQ - 4 6,13,16,5
B08,"Pirc Defense: Classical Variation, Quiet System",rnbq1rk1/ppp1ppbp/3p1np1/8/3PP3/2N2N2/PPP1BPPP/R1BQ1RK1 b - - 5 6,13,15,5
B08,"Pirc Defense: Classical Variation, Quiet System",rnbqk2r/ppp1ppbp/3p1np1/8/3PP3/2N2N2/PPP2PPP/R1BQKB1R w KQkq - 2 5,25,32,5
B08,"Pirc Defense: Classical Variation, Quiet System",rnbqk2r/ppp1ppbp/3p1np1/8/3PP3/2N2N2/PPP1BPPP/R1BQK2R b KQkq - 3 5,13,16,5
A47,"Pseudo Queen's Indian Defense",rnbqkb1r/p1pppppp/1p3n2/8/3P4/5N2/PPP1PPPP/RNBQKB1R w KQkq - 0 3,9,23,19
D20,"Queen's Gambit Accepted: Central Variation, Modern Defense",rnbqkbnr/ppp1pppp/8/8/2pPP3/8/PP3PPP/RNBQKBNR b KQkq - 0 3,16,36,6
D26,"Queen's Gambit Accepted: Classical Defense",rnbqkb1r/ppp2ppp/4pn2/8/2pP4/4PN2/PP3PPP/RNBQKB1R w KQkq - 0 5,26,42,15
D26,"Queen's Gambit Accepted: Classical Defense",rnbqkb1r/ppp1pppp/5n2/8/2pP4/4PN2/PP3PPP/RNBQKB1R b KQkq - 0 4,38,65,22
D26,"Queen's Gambit Accepted: Classical Defense",rnbqkbnr/ppp1pppp/8/8/2pP4/5N2/PP2PPPP/RNBQKB1R b KQkq - 1 3,35,67,23
D26,"Queen's Gambit Accepted: Classical Defense",rnbqkb1r/ppp2ppp/4pn2/8/2BP4/4PN2/PP3PPP/RNBQK2R b KQkq - 0 5,31,47,16
D26,"Queen's Gambit Accepted: Classical Defense",rnbqkbnr/ppp1pppp/8/8/2pP4/8/PP2PPPP/RNBQKBNR w KQkq - 0 3,60,118,35
D26,"Queen's Gambit Accepted: Classical Defense",rnbqkb1r/ppp1pppp/5n2/8/2pP4/5N2/PP2PPPP/RNBQKB1R w KQkq - 2 4,42,71,27
D26,"Queen's Gambit Accepted: Classical Defense",rnbqkb1r/pp3ppp/4pn2/2p5/2BP4/4PN2/PP3PPP/RNBQK2R w KQkq - 0 6,22,34,10
D27,"Queen's Gambit Accepted: Furman Variation",rnbqkb1r/pp3ppp/4pn2/2p5/2BP4/4PN2/PP3PPP/RNBQ1RK1 b kq - 1 6,22,33,10
D27,"Queen's Gambit Accepted: Furman Variation",rnbqkb1r/1p3ppp/p3pn2/2p5/2BP4/4PN2/PP3PPP/RNBQ1RK1 w kq - 0 7,22,28,8
D25,"Queen's Gambit Accepted: Janowski-Larsen Variation",rn1qkb1r/ppp2ppp/4pn2/8/2BP2b1/4PN2/PP3PPP/RNBQK2R w KQkq - 0 6,9,13,7
D25,"Queen's Gambit Accepted: Janowski-Larsen Variation",rn1qkb1r/ppp1pppp/5n2/8/2BP2b1/4PN2/PP3PPP/RNBQK2R b KQkq - 0 5,9,13,7
D25,"Queen's Gambit Accepted: Janowski-Larsen Variation",rn1qkb1r/ppp1pppp/5n2/8/2pP2b1/4PN2/PP3PPP/RNBQKB1R w KQkq - 1 5,10,15,7
D20,"Queen's Gambit Accepted: Old Variation",rnbqkbnr/ppp1pppp/8/8/2pP4/4P3/PP3PPP/RNBQKBNR b KQkq - 0 3,9,11,6
D30,"Queen's Gambit Declined",rnbqkbnr/1pp2ppp/p3p3/3p4/2PP4/5N2/PP2PPPP/RNBQKB1R w KQkq - 0 4,13,19,8
D58,"Queen's Gambit Declined",rnbqk2r/ppp1bppp/4pn2/3p2B1/2PP4/2N2N2/PP2PPPP/R2QKB1R b KQkq - 3 5,17,33,7
D37,"Queen's Gambit Declined: Barmen Variation",r1bqkb1r/pppn1ppp/5n2/3p4/3P4/2N2N2/PP2PPPP/R1BQKB1R w KQkq - 0 6,15,22,19
D37,"Queen's Gambit Declined: Barmen Variation",r1bqkb1r/pppn1ppp/5n2/3p2B1/3P4/2N2N2/PP2PPPP/R2QKB1R b KQkq - 1 6,7,10,9
D37,"Queen's Gambit Declined: Barmen Variation",r1bqkb1r/pppn1ppp/4pn2/3p2B1/2PP4/2N2N2/PP2PPPP/R2QKB1R b KQkq - 3 5,6,13,8
D37,"Queen's Gambit Declined: Barmen Variation",r1bqkb1r/pppn1ppp/4pn2/3p4/2PP4/2N2N2/PP2PPPP/R1BQKB1R w KQkq - 2 5,41,67,47
D37,"Queen's Gambit Declined: Barmen Variation",r1bqkb1r/pppn1ppp/4pn2/3p4/2PP1B2/2N2N2/PP2PPPP/R2QKB1R b KQkq - 3 5,11,19,8
D37,"Queen's Gambit Declined: Barmen Variation",r1bqkb1r/pppn1ppp/4pn2/3P4/3P4/2N2N2/PP2PPPP/R1BQKB1R b KQkq - 0 5,15,20,19
D31,"Queen's Gambit Declined: Charousek Variation",rnbqk1nr/ppp1bppp/8/3p4/3P4/2N5/PP2PPPP/R1BQKBNR w KQkq - 0 5,9,15,10
D31,"Queen's Gambit Declined: Charousek Variation",rnbqk1nr/ppp1bppp/4p3/3P4/3P4/2N5/PP2PPPP/R1BQKBNR b KQkq - 0 4,9,15,10
D31,"Queen's Gambit Declined: Charousek Variation",rnbqk1nr/ppp1bppp/4p3/3p4/2PP4/2N5/PP2PPPP/R1BQKBNR w KQkq - 2 4,14,23,17
D31,"Queen's Gambit Declined: Charousek Variation",rnbqk1nr/ppp1bppp/8/3p4/3P1B2/2N5/PP2PPPP/R2QKBNR b KQkq - 1 5,9,15,10
D35,"Queen's Gambit Declined: Exchange Variation",rnbqkb1r/ppp2ppp/4p3/3n4/3P4/2N5/PP2PPPP/R1BQKBNR w KQkq - 0 5,11,11,3
D35,"Queen's Gambit Declined: Exchange Variation, Positional Variation",rnbqkbnr/ppp2ppp/4p3/3p4/2P5/2N5/PP1PPPPP/R1BQKBNR w KQkq - 0 3,84,65,25
D35,"Queen's Gambit Declined: Exchange Variation, Positional Variation",rnbqk2r/ppp2p2/5n1p/3p2p1/1b1P3B/2N1P3/PP3PPP/R2QKBNR w KQkq - 0 8,14,13,7
D35,"Queen's Gambit Declined: Exchange Variation, Positional Variation",rnbqr1k1/pp2bpp1/2p2n1p/3p4/3P3B/2NBP3/PP2NPPP/R2QK2R w KQ - 6 10,17,15,9
D35,"Queen's Gambit Declined: Exchange Variation, Positional Variation",rnbq1rk1/pp2bpp1/2p2n1p/3p4/3P3B/2NBP3/PPQ2PPP/R3K1NR b KQ - 2 9,12,19,5
D35,"Queen's Gambit Declined: Exchange Variation, Positional Variation",rnbqk2r/ppp2pp1/5n1p/3p2B1/1b1P4/2N1P3/PP3PPP/R2QKBNR w KQkq - 0 7,17,20,10
D35,"Queen's Gambit Declined: Exchange Variation, Positional Variation",rnbqkb1r/pp3pp1/2p2n1p/3p4/3P3B/2N1P3/PP3PPP/R2QKBNR b KQkq - 1 7,30,38,21
D35,"Queen's Gambit Declined: Exchange Variation, Positional Variation",rnbqkb1r/pp3ppp/2p2n2/3p2B1/3P4/2N5/PP2PPPP/R2QKBNR w KQkq - 0 6,71,65,34
D35,"Queen's Gambit Declined: Exchange Variation, Positional Variation",rnbq1rk1/ppp1bpp1/5n1p/3p4/3P3B/2NBP3/PP3PPP/R2QK1NR b KQ - 3 8,16,17,7
D35,"Queen's Gambit Declined: Exchange Variation, Positional Variation",rnbqk2r/ppp1bppp/5n2/3p2B1/3P4/2N1P3/PP3PPP/R2QKBNR b KQkq - 0 6,51,65,25
D35,"Queen's Gambit Declined: Exchange Variation, Positional Variation",rnbqk2r/ppp1bpp1/5n1p/3p4/3P3B/2N1P3/PP3PPP/R2QKBNR b KQkq - 1 7,21,24,15
D35,"Queen's Gambit Declined: Exchange Variation, Positional Variation",rnbq1rk1/pp2bpp1/2p2n1p/3p4/3P3B/2NBP3/PP2NPPP/R2QK2R b KQ - 5 9,27,19,11
D35,"Queen's Gambit Declined: Exchange Variation, Positional Variation",rnbqkb1r/ppp2ppp/5n2/3p2B1/3P4/2N5/PP2PPPP/R2QKBNR b KQkq - 1 5,152,175,82
D35,"Queen's Gambit Declined: Exchange Variation, Positional Variation",rnbq1rk1/pp2bpp1/2p2n1p/3p4/3P3B/2NBP3/PP3PPP/R2QK1NR w KQ - 4 9,40,41,22
D35,"Queen's Gambit Declined: Exchange Variation, Positional Variation",r1bqk2r/pp1nbppp/2p2n2/3p2B1/3P4/2NBP3/PP3PPP/R2QK1NR w KQkq - 2 8,18,19,5
D35,"Queen's Gambit Declined: Exchange Variation, Positional Variation",rnbqk2r/ppp2ppp/5n2/3p2B1/1b1P4/2N5/PP2PPPP/R2QKBNR w KQkq - 2 6,21,29,13
D35,"Queen's Gambit Declined: Exchange Variation, Positional Variation",rnbqk2r/ppp2ppp/5n2/3p2B1/1b1P4/2N1P3/PP3PPP/R2QKBNR b KQkq - 0 6,17,20,10
D35,"Queen's Gambit Declined: Exchange Variation, Positional Variation",rnbqkbnr/pppp1ppp/4p3/8/2P5/2N5/PP1PPPPP/R1BQKBNR b KQkq - 1 2,99,80,29
D35,"Queen's Gambit Declined: Exchange Variation, Positional Variation",rnbqk2r/pp2bpp1/2p2n1p/3p4/3P3B/2N1P3/PP3PPP/R2QKBNR w KQkq - 2 8,29,41,21
D35,"Queen's Gambit Declined: Exchange Variation, Positional Variation",rnbqkb1r/ppp2ppp/5n2/3p4/3P4/2N5/PP2PPPP/R1BQKBNR w KQkq - 0 5,161,180,82
D35,"Queen's Gambit Declined: Exchange Variation, Positional Variation",rnbqkbnr/ppp2ppp/4p3/3p4/2PP4/8/PP2PPPP/RNBQKBNR w KQkq - 0 3,334,400,163
D35,"Queen's Gambit Declined: Exchange Variation, Positional Variation",rnbq1rk1/ppp1bpp1/5n1p/3p4/3P3B/2N1P3/PP3PPP/R2QKBNR w KQ - 2 8,11,11,4
D35,"Queen's Gambit Declined: Exchange Variation, Positional Variation",rnbq1rk1/ppp1bppp/5n2/3p2B1/3P4/2NBP3/PP3PPP/R2QK1NR b KQ - 2 7,16,21,8
D35,"Queen's Gambit Declined: Exchange Variation, Positional Variation",rnbqkbnr/ppp2ppp/4p3/3p4/2PP4/2N5/PP2PPPP/R1BQKBNR b KQkq - 1 3,281,302,105
D35,"Queen's Gambit Declined: Exchange Variation, Positional Variation",r2qkb1r/pp1n1ppp/2p1bn2/3p2B1/3P4/2NBP3/PP3PPP/R2QK1NR w KQkq - 0 8,8,12,12
D35,"Queen's Gambit Declined: Exchange Variation, Positional Variation",rnbqk2r/ppp1bppp/5n2/3p2B1/3P4/2N5/PP2PPPP/R2QKBNR w KQkq - 2 6,54,66,25
D35,"Queen's Gambit Declined: Exchange Variation, Positional Variation",rnbqk2r/ppp1bpp1/5n1p/3p2B1/3P4/2N1P3/PP3PPP/R2QKBNR w KQkq - 0 7,21,27,15
D35,"Queen's Gambit Declined: Exchange Variation, Positional Variation",rnbqk2r/pp2bppp/2p2n2/3p2B1/3P4/2N1P3/PP3PPP/R2QKBNR w KQkq - 0 7,25,25,6
D35,"Queen's Gambit Declined: Exchange Variation, Positional Variation",rnbqk2r/ppp2p2/5n1p/3p2p1/1b1P4/2N1P1B1/PP3PPP/R2QKBNR b KQkq - 1 8,14,13,7
D35,"Queen's Gambit Declined: Exchange Variation, Positional Variation",rnbqr1k1/pp2bpp1/2p2n1p/3p4/3P3B/2NBP3/PP2NPPP/R2Q1RK1 b - - 7 10,14,12,4
D35,"Queen's Gambit Declined: Exchange Variation, Positional Variation",rnbq1rk1/ppp1bppp/5n2/3p2B1/3P4/2N1P3/PP3PPP/R2QKBNR w KQ - 1 7,17,21,8
D35,"Queen's Gambit Declined: Exchange Variation, Positional Variation",rnbqk2r/pp2bppp/2p2n2/3p2B1/3P4/2NBP3/PP3PPP/R2QK1NR b KQkq - 1 7,23,24,6
D35,"Queen's Gambit Declined: Exchange Variation, Positional Variation",rnbqkb1r/pp3pp1/2p2n1p/3p2B1/3P4/2N1P3/PP3PPP/R2QKBNR w KQkq - 0 7,30,38,21
D35,"Queen's Gambit Declined: Exchange Variation, Positional Variation",rnbqk2r/pp2bpp1/2p2n1p/3p4/3P3B/2NBP3/PP3PPP/R2QK1NR b KQkq - 3 8,30,37,20
D35,"Queen's Gambit Declined: Exchange Variation, Positional Variation",rnbqkb1r/ppp2ppp/4pn2/3P4/3P4/2N5/PP2PPPP/R1BQKBNR b KQkq - 0 4,171,189,84
D35,"Queen's Gambit Declined: Exchange Variation, Positional Variation",rnbqkb1r/pp3ppp/2p2n2/3p2B1/3P4/2N1P3/PP3PPP/R2QKBNR b KQkq - 0 6,64,59,33
D35,"Queen's Gambit Declined: Exchange Variation, Positional Variation",rnbqk2r/ppp2pp1/5n1p/3p4/1b1P3B/2N1P3/PP3PPP/R2QKBNR b KQkq - 1 7,14,14,7
D37,"Queen's Gambit Declined: Harrwitz Attack",rnbq1rk1/pp2bppp/4pn2/2pp4/2PP1B2/2N1PN2/PP3PPP/R2QKB1R w KQ - 0 7,6,16,4
D37,"Queen's Gambit Declined: Harrwitz Attack",rnbq1rk1/pp3ppp/4pn2/2bp4/2P2B2/2N1PN2/PP3PPP/R2QKB1R w KQ - 0 8,6,16,4
D37,"Queen's Gambit Declined: Harrwitz Attack",rnbq1rk1/pp2bppp/4pn2/2Pp4/2P2B2/2N1PN2/PP3PPP/R2QKB1R b KQ - 0 7,6,16,4
D37,"Queen's Gambit Declined: Harrwitz Attack, Fianchetto Defense",rnbq1rk1/p1p1bppp/1p2pn2/3p4/2PP1B2/2N1PN2/PP3PPP/R2QKB1R w KQ - 0 7,4,12,11
D37,"Queen's Gambit Declined: Harrwitz Attack, Two Knights Defense, Blockade Line",rnbqk2r/ppp1bppp/4pn2/3p4/2PP1B2/2N2N2/PP2PPPP/R2QKB1R b KQkq - 5 5,24,47,18
D37,"Queen's Gambit Declined: Harrwitz Attack, Two Knights Defense, Blockade Line",rnbqkbnr/ppp1pppp/8/3p4/3P4/5N2/PPP1PPPP/RNBQKB1R b KQkq - 1 2,198,222,136
D37,"Queen's Gambit Declined: Harrwitz Attack, Two Knights Defense, Blockade Line",rnbq1rk1/ppp1bppp/4pn2/3p4/2PP1B2/2N2N2/PP2PPPP/R2QKB1R w KQ - 6 6,23,42,18
D37,"Queen's Gambit Declined: Harrwitz Attack, Two Knights Defense, Blockade Line",rnbqkb1r/ppp1pppp/5n2/3p4/3P4/5N2/PPP1PPPP/RNBQKB1R w KQkq - 2 3,255,323,185
D37,"Queen's Gambit Declined: Harrwitz Attack, Two Knights Defense, Blockade Line",rnbq1rk1/ppp1bppp/4pn2/3p4/2PP1B2/2N1PN2/PP3PPP/R2QKB1R b KQ - 0 6,20,41,17
D31,"Queen's Gambit Declined: Janowski Variation",rnbqkbnr/1pp2ppp/p3p3/3P4/3P4/2N5/PP2PPPP/R1BQKBNR b KQkq - 0 4,19,19,5
D31,"Queen's Gambit Declined: Janowski Variation",rnbqkbnr/1pp2ppp/p7/3p4/3P4/2N5/PP2PPPP/R1BQKBNR w KQkq - 0 5,19,19,5
D31,"Queen's Gambit Declined: Janowski Variation",rnbqkbnr/1pp2ppp/p7/3p4/3P4/2N2N2/PP2PPPP/R1BQKB1R b KQkq - 1 5,10,11,8
D31,"Queen's Gambit Declined: Janowski Variation",rnbqkbnr/1pp2ppp/p3p3/3p4/2PP4/2N5/PP2PPPP/R1BQKBNR w KQkq - 0 4,20,19,5
D50,"Queen's Gambit Declined: Modern Variation",rnbqkb1r/ppp2ppp/4pn2/3p2B1/2PP4/2N5/PP2PPPP/R2QKBNR b KQkq - 1 4,38,26,10
D55,"Queen's Gambit Declined: Neo-Orthodox Variation, Main Line",rnbqk2r/ppp1bppp/4pn2/3p2B1/2PP4/2N5/PP2PPPP/R2QKBNR w KQkq - 2 5,21,20,8
D55,"Queen's Gambit Declined: Neo-Orthodox Variation, Main Line",rnbqk2r/ppp1bppp/4pn2/3p2B1/2PP4/2N1P3/PP3PPP/R2QKBNR b KQkq - 0 5,13,15,7
D60,"Queen's Gambit Declined: Orthodox Defense",rnbq1rk1/ppp1bppp/4pn2/3p2B1/2PP4/2N1PN2/PP3PPP/R2QKB1R b KQ - 0 6,11,21,4
D31,"Queen's Gambit Declined: Queen's Knight Variation",rnbqk1nr/ppp2ppp/4p3/3p4/1bPP4/2N5/PP2PPPP/R1BQKBNR w KQkq - 2 4,9,12,6
D31,"Queen's Gambit Declined: Queen's Knight Variation",rnbqkbnr/ppp2pp1/4p2p/3p4/2PP4/2N5/PP2PPPP/R1BQKBNR w KQkq - 0 4,12,16,4
D31,"Queen's Gambit Declined: Queen's Knight Variation",rnbqkb1r/ppp2pp1/4pn1p/3p4/2PP4/2N2N2/PP2PPPP/R1BQKB1R w KQkq - 2 5,17,28,10
D38,"Queen's Gambit Declined: Ragozin Defense",rnb1k2r/ppp2pp1/4pq1p/3p4/1bPP4/2N2N2/PP2PPPP/R2QKB1R w KQkq - 0 7,16,33,6
D38,"Queen's Gambit Declined: Ragozin Defense",rnbqk2r/ppp2ppp/5n2/3p4/1b1P4/2N2N2/PP2PPPP/R1BQKB1R w KQkq - 0 6,17,27,14
D38,"Queen's Gambit Declined: Ragozin Defense",rnb2rk1/ppp2pp1/4pq1p/3p4/1bPP4/2N1PN2/PP3PPP/2RQKB1R b K - 2 8,11,15,1
D38,"Queen's Gambit Declined: Ragozin Defense",rnb2rk1/ppp2pp1/4pq1p/3p4/1bPP4/2N1PN2/PP3PPP/R2QKB1R w KQ - 1 8,12,17,2
D38,"Queen's Gambit Declined: Ragozin Defense",rnbqk2r/ppp2ppp/4pn2/3P4/1b1P4/2N2N2/PP2PPPP/R1BQKB1R b KQkq - 0 5,15,22,14
D38,"Queen's Gambit Declined: Ragozin Defense",rnbqk2r/ppp2pp1/4pB1p/3p4/1bPP4/2N2N2/PP2PPPP/R2QKB1R b KQkq - 0 6,17,33,6
D38,"Queen's Gambit Declined: Ragozin Defense",rnbqk2r/ppp2pp1/5n1p/3p2B1/1b1P4/2N2N2/PP2PPPP/R2QKB1R w KQkq - 0 7,8,12,8
D38,"Queen's Gambit Declined: Ragozin Defense",rnbqk2r/ppp2pp1/4pn1p/3p2B1/1bPP4/2N2N2/PP2PPPP/R2QKB1R w KQkq - 0 6,20,36,6
D38,"Queen's Gambit Declined: Ragozin Defense",rnb1k2r/ppp2pp1/4pq1p/3p4/1bPP4/2N1PN2/PP3PPP/R2QKB1R b KQkq - 0 7,12,18,3
D38,"Queen's Gambit Declined: Ragozin Defense",rnbqk2r/ppp2ppp/5n2/3p2B1/1b1P4/2N2N2/PP2PPPP/R2QKB1R b KQkq - 3 6,8,18,10
D38,"Queen's Gambit Declined: Ragozin Defense, Alekhine Variation",r1bq1rk1/ppp2ppp/2n1pn2/3p4/QbPP4/2N1PN2/PP3PPP/R1B1KB1R w KQ - 1 7,12,19,13
D38,"Queen's Gambit Declined: Ragozin Defense, Alekhine Variation",r1bqk2r/ppp2ppp/2n1pn2/3p4/QbPP4/2N2N2/PP2PPPP/R1B1KB1R w KQkq - 4 6,15,22,21
D38,"Queen's Gambit Declined: Ragozin Defense, Alekhine Variation",r1bq1rk1/ppp2ppp/2n1pn2/3p4/1bPP4/2N1PN2/PPQ2PPP/R1B1KB1R b KQ - 2 7,10,8,8
D38,"Queen's Gambit Declined: Ragozin Defense, Alekhine Variation",r1bqk2r/ppp2ppp/2n1pn2/3p4/QbPP4/2N1PN2/PP3PPP/R1B1KB1R b KQkq - 0 6,13,19,13
D38,"Queen's Gambit Declined: Ragozin Defense, Alekhine Variation",rnbqk2r/ppp2ppp/4pn2/3p4/QbPP4/2N2N2/PP2PPPP/R1B1KB1R b KQkq - 3 5,15,22,21
D39,"Queen's Gambit Declined: Ragozin Defense, Vienna Variation",rnbqk2r/ppp2ppp/4pn2/3p2B1/1bPP4/2N2N2/PP2PPPP/R2QKB1R b KQkq - 3 5,28,48,12
D39,"Queen's Gambit Declined: Ragozin Defense, Vienna Variation",rnbqk2r/ppp2ppp/4pn2/3p4/1bPP4/2N2N2/PP2PPPP/R1BQKB1R w KQkq - 2 5,77,110,57
D41,"Queen's Gambit Declined: Semi-Tarrasch Defense",rnbqkb1r/pp3ppp/4pn2/2pP4/3P4/2N2N2/PP2PPPP/R1BQKB1R b KQkq - 0 5,21,33,5
D41,"Queen's Gambit Declined: Semi-Tarrasch Defense",rnbqkb1r/pp3ppp/4pn2/3P4/3p4/2N2N2/PP2PPPP/R1BQKB1R w KQkq - 0 6,13,12,1
D41,"Queen's Gambit Declined: Semi-Tarrasch Defense",rnbqkb1r/pp3ppp/4pn2/2pp4/2PP4/2N2N2/PP2PPPP/R1BQKB1R w KQkq - 0 5,28,36,8
D41,"Queen's Gambit Declined: Semi-Tarrasch Defense, Exchange Variation",rnbqk2r/pp3ppp/4p3/8/1b1PP3/5N2/P4PPP/R1BQKB1R w KQkq - 1 9,7,15,3
D41,"Queen's Gambit Declined: Semi-Tarrasch Defense, Exchange Variation",rnbqkb1r/pp3ppp/4p3/2p5/3PP3/2P2N2/P4PPP/R1BQKB1R b KQkq - 0 7,8,16,4
D41,"Queen's Gambit Declined: Semi-Tarrasch Defense, Exchange Variation",rnbqk2r/pp3ppp/4p3/8/1b1PP3/5N2/P2B1PPP/R2QKB1R b KQkq - 2 9,7,15,3
D41,"Queen's Gambit Declined: Semi-Tarrasch Defense, Exchange Variation",rnbqk2r/pp3ppp/4p3/8/3PP3/5N2/P2b1PPP/R2QKB1R w KQkq - 0 10,7,15,3
D41,"Queen's Gambit Declined: Semi-Tarrasch Defense, Exchange Variation",rnbqkb1r/pp3ppp/4p3/8/3pP3/2P2N2/P4PPP/R1BQKB1R w KQkq - 0 8,7,15,4
D41,"Queen's Gambit Declined: Semi-Tarrasch Defense, Exchange Variation",rnbqk2r/pp3ppp/4p3/8/3PP3/5N2/P2Q1PPP/R3KB1R b KQkq - 0 10,7,15,3
D41,"Queen's Gambit Declined: Semi-Tarrasch Defense, Exchange Variation",rnbqkb1r/pp3ppp/4p3/2pn4/3P4/2N2N2/PP2PPPP/R1BQKB1R w KQkq - 0 6,8,21,4
D41,"Queen's Gambit Declined: Semi-Tarrasch Defense, Exchange Variation",rnbqkb1r/pp3ppp/4p3/8/3PP3/5N2/P4PPP/R1BQKB1R b KQkq - 0 8,7,15,4
D58,"Queen's Gambit Declined: Tartakower Defense",rnbqk2r/ppp1bpp1/4pn1p/3p2B1/2PP4/2N2N2/PP2PPPP/R2QKB1R w KQkq - 0 6,8,15,6
D58,"Queen's Gambit Declined: Tartakower Defense",rnbq1rk1/ppp1bpp1/4pn1p/3p4/2PP3B/2N1PN2/PP3PPP/R2QKB1R b KQ - 3 7,11,15,5
D37,"Queen's Gambit Declined: Three Knights Variation",rnbqk2r/ppp1bppp/5n2/3p4/3P4/2N2N2/PP2PPPP/R1BQKB1R w KQkq - 0 6,17,13,7
D37,"Queen's Gambit Declined: Three Knights Variation",r2qkb1r/1ppn1ppp/p3bn2/3p2B1/3P4/2NBPN2/PP3PPP/R2QK2R b KQkq - 2 8,11,8,7
D37,"Queen's Gambit Declined: Three Knights Variation",rn1qkb1r/1pp2ppp/p3bn2/3p2B1/3P4/2N1PN2/PP3PPP/R2QKB1R b KQkq - 0 7,12,9,7
D37,"Queen's Gambit Declined: Three Knights Variation",rnbqk2r/ppp1bppp/4pn2/3P4/3P4/2N2N2/PP2PPPP/R1BQKB1R b KQkq - 0 5,16,10,7
D37,"Queen's Gambit Declined: Three Knights Variation",rnbqk2r/ppp1bppp/4pn2/3p4/2PP4/2N2N2/PP2PPPP/R1BQKB1R w KQkq - 2 5,55,87,34
D37,"Queen's Gambit Declined: Three Knights Variation",rnbqkb1r/pppp1ppp/4pn2/8/3P4/5N2/PPP1PPPP/RNBQKB1R w KQkq - 0 3,116,134,95
D37,"Queen's Gambit Declined: Three Knights Variation",rn1qkb1r/1pp2ppp/p3bn2/3p2B1/3P4/2N2N2/PP2PPPP/R2QKB1R w KQkq - 2 7,16,12,8
D37,"Queen's Gambit Declined: Three Knights Variation",rnbqkb1r/ppp2ppp/4pn2/3p4/2PP4/2N2N2/PP2PPPP/R1BQKB1R b KQkq - 1 4,285,419,189
D37,"Queen's Gambit Declined: Three Knights Variation",rnbqkb1r/1pp2ppp/p3pn2/3P4/3P4/2N2N2/PP2PPPP/R1BQKB1R b KQkq - 0 5,18,12,11
D37,"Queen's Gambit Declined: Three Knights Variation",rnbq1rk1/ppp1bppp/4pn2/3p4/2PP4/2N2NP1/PP2PPBP/R1BQK2R b KQ - 4 6,19,29,7
D37,"Queen's Gambit Declined: Three Knights Variation",rnbqkb1r/1pp2ppp/p3pn2/3p4/2PP4/2N2N2/PP2PPPP/R1BQKB1R w KQkq - 0 5,20,13,12
D37,"Queen's Gambit Declined: Three Knights Variation",rnbqkb1r/ppp2ppp/4pn2/3p4/2PP4/5N2/PP2PPPP/RNBQKB1R w KQkq - 0 4,411,615,320
D37,"Queen's Gambit Declined: Three Knights Variation",rnbqk2r/ppp1bppp/5n2/3p4/3P1B2/2N2N2/PP2PPPP/R2QKB1R b KQkq - 1 6,15,12,6
D37,"Queen's Gambit Declined: Three Knights Variation",rnbqkb1r/1pp2ppp/p4n2/3p4/3P4/2N2N2/PP2PPPP/R1BQKB1R w KQkq - 0 6,23,16,12
D37,"Queen's Gambit Declined: Three Knights Variation",rnbqkb1r/1pp2ppp/p4n2/3p2B1/3P4/2N2N2/PP2PPPP/R2QKB1R b KQkq - 1 6,20,14,9
D37,"Queen's Gambit Declined: Three Knights Variation",r2qkb1r/1ppn1ppp/p3bn2/3p2B1/3P4/2N1PN2/PP3PPP/R2QKB1R w KQkq - 1 8,11,9,7
D37,"Queen's Gambit Declined: Three Knights Variation",rnbqkb1r/pppppppp/5n2/8/3P4/5N2/PPP1PPPP/RNBQKB1R b KQkq - 2 2,330,419,234
D37,"Queen's Gambit Declined: Three Knights, Vienna Variation",rnbqkb1r/ppp2ppp/4pn2/8/2pPP3/2N2N2/PP3PPP/R1BQKB1R b KQkq - 0 5,17,27,7
D37,"Queen's Gambit Declined: Three Knights, Vienna Variation",rnbqkb1r/p1p2ppp/4p3/1N1nP3/2pP4/5N2/PP3PPP/R1BQKB1R b KQkq - 0 7,11,16,6
D37,"Queen's Gambit Declined: Three Knights, Vienna Variation",rnbqkb1r/p1p2ppp/4p3/1p1nP3/2pP4/2N2N2/PP3PPP/R1BQKB1R w KQkq - 1 7,11,16,6
D37,"Queen's Gambit Declined: Three Knights, Vienna Variation",rnbqkb1r/p1p2ppp/4pn2/1p2P3/2pP4/2N2N2/PP3PPP/R1BQKB1R b KQkq - 0 6,11,16,7
D37,"Queen's Gambit Declined: Three Knights, Vienna Variation",rnbqkb1r/p1p2ppp/1n2p3/1N2P3/2pP4/5N2/PP2BPPP/R1BQK2R b KQkq - 2 8,8,12,6
D37,"Queen's Gambit Declined: Three Knights, Vienna Variation",rnbqkb1r/p1p2ppp/1n2p3/1N2P3/2pP4/5N2/PP3PPP/R1BQKB1R w KQkq - 1 8,11,16,7
D37,"Queen's Gambit Declined: Three Knights, Vienna Variation",rnbqkb1r/ppp2ppp/4pn2/8/2pP4/2N2N2/PP2PPPP/R1BQKB1R w KQkq - 0 5,26,45,16
D37,"Queen's Gambit Declined: Three Knights, Vienna Variation",rnbqkb1r/p1p2ppp/4pn2/1p6/2pPP3/2N2N2/PP3PPP/R1BQKB1R w KQkq - 0 6,13,19,7
D37,"Queen's Gambit Declined: Vienna Variation, Quiet Variation",rnbqkb1r/1pp2ppp/p3pn2/8/2pP4/2N1PN2/PP3PPP/R1BQKB1R w KQkq - 0 6,8,16,8
D37,"Queen's Gambit Declined: Vienna Variation, Quiet Variation",rnbqkb1r/ppp2ppp/4pn2/8/2pP4/2N1PN2/PP3PPP/R1BQKB1R b KQkq - 0 5,8,19,7
D37,"Queen's Gambit Declined: Vienna Variation, Quiet Variation",rnbqkb1r/1pp2ppp/p3pn2/8/P1pP4/2N1PN2/1P3PPP/R1BQKB1R b KQkq - 0 6,5,16,6
A50,"Queen's Indian Accelerated",rn1qkb1r/pbpppppp/1p3n2/8/2PP4/2N5/PPQ1PPPP/R1B1KBNR b KQkq - 3 4,13,16,9
E12,"Queen's Indian Defense",rnbqkb1r/pppp1ppp/4pn2/8/2PP4/5N2/PP2PPPP/RNBQKB1R b KQkq - 1 3,410,626,328
E12,"Queen's Indian Defense",rnbqkb1r/p1pp1ppp/1p2pn2/8/2PP4/5N2/PP2PPPP/RNBQKB1R w KQkq - 0 4,100,151,67
E16,"Queen's Indian Defense: Capablanca Variation",rn1qk2r/pbpp1ppp/1p2pn2/8/1bPP4/5NP1/PP2PPBP/RNBQK2R w KQkq - 3 6,6,18,6
E16,"Queen's Indian Defense: Capablanca Variation",rn1qk2r/pbpp1ppp/1p2pn2/8/1bPP4/5NP1/PP1BPPBP/RN1QK2R b KQkq - 4 6,6,18,5
E18,"Queen's Indian Defense: Classical Variation, Traditional Variation",rn1qk2r/pbppbppp/1p2pn2/8/2PP4/5NP1/PP2PPBP/RNBQK2R w KQkq - 3 6,17,26,15
E18,"Queen's Indian Defense: Classical Variation, Traditional Variation",rnbqkb1r/pppp1ppp/4pn2/8/2P5/5NP1/PP1PPP1P/RNBQKB1R b KQkq - 0 3,59,65,33
E18,"Queen's Indian Defense: Classical Variation, Traditional Variation",rn1qkb1r/pbpp1ppp/1p2pn2/8/2PP4/5NP1/PP2PP1P/RNBQKB1R w KQkq - 1 5,33,47,19
E18,"Queen's Indian Defense: Classical Variation, Traditional Variation",rn1qkb1r/pbpp1ppp/1p2pn2/8/2P5/5NP1/PP1PPPBP/RNBQ1RK1 b kq - 1 5,9,8,8
E18,"Queen's Indian Defense: Classical Variation, Traditional Variation",rn1q1rk1/pbppbppp/1p2pn2/8/2PP4/2N2NP1/PP2PPBP/R1BQ1RK1 b - - 6 7,9,15,7
E18,"Queen's Indian Defense: Classical Variation, Traditional Variation",rn1qkb1r/pbpp1ppp/1p2pn2/8/2PP4/5NP1/PP2PPBP/RNBQK2R b KQkq - 2 5,34,48,21
E18,"Queen's Indian Defense: Classical Variation, Traditional Variation",rn1qkb1r/pbpp1ppp/1p2pn2/8/2P5/5NP1/PP1PPPBP/RNBQK2R w KQkq - 0 5,10,8,10
E15,"Queen's Indian Defense: Fianchetto Variation, Check Variation, Intermezzo Line",rn1qk2r/p1pp1ppp/bp2pn2/8/1bPP4/1P3NP1/P2BPP1P/RN1QKB1R b KQkq - 2 6,5,15,8
E15,"Queen's Indian Defense: Fianchetto Variation, Check Variation, Intermezzo Line",rn1qk2r/p1pp1ppp/bp2pn2/8/1bPP4/1P3NP1/P3PP1P/RNBQKB1R w KQkq - 1 6,5,15,8
E15,"Queen's Indian Defense: Fianchetto Variation, Check Variation, Intermezzo Line",rn1qkb1r/p1pp1ppp/bp2pn2/8/2PP4/1P3NP1/P3PP1P/RNBQKB1R b KQkq - 0 5,6,17,10
E15,"Queen's Indian Defense: Fianchetto Variation, Check Variation, Intermezzo Line",rn1qk2r/p1ppbppp/bp2pn2/8/2PP4/1P3NP1/P2BPP1P/RN1QKB1R w KQkq - 3 7,4,15,8
E17,"Queen's Indian Defense: Fianchetto Variation, Kramnik Variation",rn1q1rk1/pbppbppp/1p2pn2/8/2PP4/5NP1/PP2PPBP/RNBQ1RK1 w - - 5 7,17,26,14
E17,"Queen's Indian Defense: Fianchetto Variation, Kramnik Variation",rn1qk2r/pbppbppp/1p2pn2/8/2PP4/5NP1/PP2PPBP/RNBQ1RK1 b kq - 4 6,18,27,15
E15,"Queen's Indian Defense: Fianchetto Variation, Nimzowitsch Variation",rnbqkb1r/p1pp1ppp/1p2pn2/8/2PP4/5NP1/PP2PP1P/RNBQKB1R b KQkq - 0 4,60,104,40
E15,"Queen's Indian Defense: Fianchetto Variation, Nimzowitsch Variation",rn1qkb1r/p1pp1ppp/bp2pn2/8/2PP4/5NP1/PP2PP1P/RNBQKB1R w KQkq - 1 5,24,48,22
E12,"Queen's Indian Defense: Kasparov-Petrosian Variation, Andersson Variation",rnbqkb1r/p1pp1ppp/1p2pn2/8/2PP4/P4N2/1P2PPPP/RNBQKB1R b KQkq - 0 4,29,26,20
E12,"Queen's Indian Defense: Kasparov-Petrosian Variation, Main Line",rn1qkb1r/pbpp1ppp/1p2pn2/8/2PP4/P1N2N2/1P2PPPP/R1BQKB1R b KQkq - 2 5,22,17,16
E12,"Queen's Indian Defense: Kasparov-Petrosian Variation, Main Line",rn1qkb1r/pbp2ppp/1p2pn2/3p4/2PP4/P1N2N2/1P2PPPP/R1BQKB1R w KQkq - 0 6,13,8,5
E12,"Queen's Indian Defense: Kasparov-Petrosian Variation, Main Line",rnbqkb1r/p1pppppp/1p3n2/8/2PP4/8/PP2PPPP/RNBQKBNR w KQkq - 0 3,24,26,17
E12,"Queen's Indian Defense: Kasparov-Petrosian Variation, Main Line",rnbqkb1r/p1pppppp/1p3n2/8/2PP4/2N5/PP2PPPP/R1BQKBNR b KQkq - 1 3,20,22,13
E12,"Queen's Indian Defense: Kasparov-Petrosian Variation, Petrosian Attack",rn1qkb1r/pbpp1ppp/1p2pn2/8/2PP4/P4N2/1P2PPPP/RNBQKB1R w KQkq - 1 5,18,13,12
D00,"Queen's Pawn Game",rnbqkbnr/ppp1pppp/8/3p4/3P4/8/PPP1PPPP/RNBQKBNR w KQkq - 0 2,761,981,391
A40,"Queen's Pawn Game",rnbqkbnr/pppppppp/8/8/3P4/8/PPP1PPPP/RNBQKBNR b KQkq - 0 1,3087,3840,1697
D00,"Queen's Pawn Game: Accelerated London System",rnbqkb1r/ppp2ppp/4pn2/3p4/3P1B2/4P3/PPP2PPP/RN1QKBNR w KQkq - 0 4,7,18,5
D00,"Queen's Pawn Game: Accelerated London System",rnbqkb1r/ppp1pppp/5n2/3p4/3P1B2/4P3/PPP2PPP/RN1QKBNR b KQkq - 0 3,19,24,20
D00,"Queen's Pawn Game: Accelerated London System",rnbqkbnr/ppp1pppp/8/3p4/3P1B2/8/PPP1PPPP/RN1QKBNR b KQkq - 1 2,17,27,14
D00,"Queen's Pawn Game: Accelerated London System",rnbqkb1r/ppp2ppp/4pn2/3p4/3P1B2/4PN2/PPP2PPP/RN1QKB1R b KQkq - 1 4,28,43,23
D00,"Queen's Pawn Game: Accelerated London System",rnbqkb1r/ppp1pppp/5n2/3p4/3P1B2/8/PPP1PPPP/RN1QKBNR w KQkq - 0 3,22,26,22
A40,"Queen's Pawn Game: Anglo-Slav Opening",rnb1kb1r/ppq2ppp/2pp1n2/4p3/2PPP3/2N2N2/PP3PPP/R1BQKB1R w KQkq - 2 6,11,12,2
D05,"Queen's Pawn Game: Colle System",rnbqkb1r/p1p2ppp/1p2pn2/3p4/2PP4/4PN2/PP3PPP/RNBQKB1R w KQkq - 0 5,11,8,7
D05,"Queen's Pawn Game: Colle System",rnbqkb1r/ppp2ppp/4pn2/3p4/3P4/4PN2/PPP2PPP/RNBQKB1R w KQkq - 0 4,18,20,12
D04,"Queen's Pawn Game: Colle System",rnbqkb1r/pp2pppp/5n2/2pp4/3P4/4PN2/PPP2PPP/RNBQKB1R w KQkq - 1 4,13,19,15
D04,"Queen's Pawn Game: Colle System",rnbqkb1r/ppp1pppp/5n2/3p4/3P4/4PN2/PPP2PPP/RNBQKB1R b KQkq - 0 3,31,34,30
D05,"Queen's Pawn Game: Colle System",rnbqkb1r/ppp2ppp/4pn2/3p4/2PP4/4PN2/PP3PPP/RNBQKB1R b KQkq - 0 4,30,18,15
D05,"Queen's Pawn Game: Colle System",rnbqkb1r/ppp2ppp/4pn2/3p4/3P4/3BPN2/PPP2PPP/RNBQK2R b KQkq - 1 4,14,13,11
D02,"Queen's Pawn Game: London System",rnbqkb1r/ppp1pppp/5n2/3p4/3P1B2/5N2/PPP1PPPP/RN1QKB1R b KQkq - 1 3,66,73,51
D02,"Queen's Pawn Game: London System",rnbqkb1r/pp2pppp/5n2/2pp4/3P1B2/4PN2/PPP2PPP/RN1QKB1R b KQkq - 1 4,44,40,37
D02,"Queen's Pawn Game: London System",rnbqkb1r/pp3ppp/4pn2/2pp4/3P1B2/4PN2/PPP2PPP/RN1QKB1R w KQkq - 0 5,25,26,15
D02,"Queen's Pawn Game: London System",rnbqk2r/ppp2ppp/3bpn2/3p4/3P1B2/4PN2/PPP2PPP/RN1QKB1R w KQkq - 2 5,11,20,15
D02,"Queen's Pawn Game: London System",r1bqkb1r/pp2pppp/2n2n2/2pp4/3P1B2/4PN2/PPP2PPP/RN1QKB1R w KQkq - 1 5,37,36,31
D02,"Queen's Pawn Game: London System",r1bqkb1r/pp2pppp/2n2n2/2pp4/3P1B2/4PN2/PPPN1PPP/R2QKB1R b KQkq - 2 5,34,30,23
D02,"Queen's Pawn Game: London System",r1bqkb1r/pp3ppp/2n1pn2/2pp4/3P1B2/2P1PN2/PP1N1PPP/R2QKB1R b KQkq - 0 6,26,30,21
D02,"Queen's Pawn Game: London System",rnbqkb1r/ppp2ppp/4pn2/3p4/3P1B2/5N2/PPP1PPPP/RN1QKB1R w KQkq - 0 4,24,31,19
D02,"Queen's Pawn Game: London System",rnbqkb1r/pp2pppp/5n2/2pp4/3P1B2/5N2/PPP1PPPP/RN1QKB1R w KQkq - 0 4,43,41,31
D02,"Queen's Pawn Game: London System",r1bqkb1r/pp3ppp/2n1pn2/2pp4/3P1B2/2P1PN2/PP3PPP/RN1QKB1R w KQkq - 1 6,8,11,6
A40,"Queen's Pawn Game: Modern Defense",rnbqkbnr/pppppp1p/6p1/8/2PP4/8/PP2PPPP/RNBQKBNR b KQkq - 0 2,61,63,23
A40,"Queen's Pawn Game: Modern Defense",rnbqk1nr/ppppppbp/6p1/8/2PP4/8/PP2PPPP/RNBQKBNR w KQkq - 1 3,54,59,20
A40,"Queen's Pawn Game: Modern Defense",rnbqkbnr/pppppp1p/6p1/8/3P4/8/PPP1PPPP/RNBQKBNR w KQkq - 0 2,86,75,30
D02,"Queen's Pawn Game: Symmetrical Variation",rnbqkb1r/ppp1pppp/5n2/3p4/3P4/2P2N2/PP2PPPP/RNBQKB1R b KQkq - 0 3,25,14,10
D02,"Queen's Pawn Game: Symmetrical Variation",r1bqkb1r/pp3ppp/2n1pn2/3p4/3P1B2/2P2N2/PP1N1PPP/R2QKB1R b KQkq - 0 7,10,11,6
D02,"Queen's Pawn Game: Symmetrical Variation",rnbqkb1r/pp3ppp/2p2n2/3p4/3P4/2N2N2/PP2PPPP/R1BQKB1R w KQkq - 0 6,5,13,10
D02,"Queen's Pawn Game: Symmetrical Variation",rnbqkb1r/ppp1pppp/5n2/3p4/2PP4/5N2/PP2PPPP/RNBQKB1R b KQkq - 0 3,113,171,80
D02,"Queen's Pawn Game: Symmetrical Variation",rnbqkb1r/ppp2ppp/5n2/3p4/3P4/5N2/PP2PPPP/RNBQKB1R w KQkq - 0 5,8,15,8
D02,"Queen's Pawn Game: Symmetrical Variation",rnbqkb1r/ppp2ppp/4pn2/3p4/2PP4/5NP1/PP2PP1P/RNBQKB1R b KQkq - 0 4,168,239,152
D02,"Queen's Pawn Game: Symmetrical Variation",rnbqkb1r/ppp2ppp/4pn2/3P4/3P4/5N2/PP2PPPP/RNBQKB1R b KQkq - 0 4,8,15,8
D02,"Queen's Pawn Game: Symmetrical Variation",r1bqkb1r/pp3ppp/2n1p3/3p3n/3P1B2/2P2N2/PP1N1PPP/R2QKB1R w KQkq - 1 8,10,11,6
D02,"Queen's Pawn Game: Symmetrical Variation",rnbqk2r/ppp2ppp/4pn2/3p4/1bPP4/5NP1/PP1NPP1P/R1BQKB1R b KQkq - 2 5,12,15,3
D02,"Queen's Pawn Game: Symmetrical Variation",r1bqkb1r/pp3ppp/2n1pn2/3p4/3p1B2/2P1PN2/PP1N1PPP/R2QKB1R w KQkq - 0 7,11,11,7
D02,"Queen's Pawn Game: Symmetrical Variation",rnbqkb1r/ppp2ppp/4pn2/8/2pP4/5NP1/PP2PP1P/RNBQKB1R w KQkq - 0 5,34,52,30
D02,"Queen's Pawn Game: Symmetrical Variation",rnbqkb1r/ppp2ppp/5n2/3p4/3P4/2N2N2/PP2PPPP/R1BQKB1R b KQkq - 1 5,7,16,5
D02,"Queen's Pawn Game: Zukertort Variation",rnbqkbnr/ppp2ppp/4p3/3p4/3P4/5N2/PPP1PPPP/RNBQKB1R w KQkq - 0 3,22,21,10
D01,"Rapport-Jobava System",rnbqkb1r/ppp1pppp/5n2/3p4/3P4/2N5/PPP1PPPP/R1BQKBNR w KQkq - 0 3,27,23,25
D01,"Rapport-Jobava System",rnbqkbnr/ppp1pppp/8/3p4/3P4/2N5/PPP1PPPP/R1BQKBNR b KQkq - 1 2,18,8,11
D01,"Rapport-Jobava System",rnbqkb1r/pppppppp/5n2/8/3P4/2N5/PPP1PPPP/R1BQKBNR b KQkq - 2 2,21,21,20
D01,"Rapport-Jobava System",rnbqkb1r/ppp1pppp/5n2/3p4/3P1B2/2N5/PPP1PPPP/R2QKBNR b KQkq - 1 3,24,21,23
A41,"Rat Defense: English Rat",rnbqkbnr/ppp1pppp/3p4/8/2PP4/8/PP2PPPP/RNBQKBNR b KQkq - 0 2,9,15,7
C65,"Ruy Lopez: Berlin Defense",r1bqk2r/pppp1ppp/2n2n2/1Bb1p3/4P3/2PP1N2/PP3PPP/RNBQK2R b KQkq - 0 5,17,18,4
C65,"Ruy Lopez: Berlin Defense",r1bqkb1r/pppp1ppp/2n2n2/1B2p3/4P3/5N2/PPPP1PPP/RNBQK2R w KQkq - 4 4,88,217,37
C65,"Ruy Lopez: Berlin Defense",r1bqk2r/pppp1ppp/2n2n2/1Bb1p3/4P3/3P1N2/PPP2PPP/RNBQK2R w KQkq - 1 5,42,50,11
C65,"Ruy Lopez: Berlin Defense",r1bqk2r/ppp2ppp/2p2n2/2b1p3/4P3/3P1N2/PPP2PPP/RNBQK2R w KQkq - 0 6,14,18,3
C65,"Ruy Lopez: Berlin Defense",r1bq1rk1/pppp1ppp/2n2n2/1Bb1p3/4P3/2PP1N2/PP3PPP/RNBQ1RK1 b - - 2 6,14,15,2
C65,"Ruy Lopez: Berlin Defense",r1bq1rk1/pppp1ppp/2n2n2/1Bb1p3/4P3/2PP1N2/PP3PPP/RNBQK2R w KQ - 1 6,15,17,2
C65,"Ruy Lopez: Berlin Defense",r1bqkbnr/pppp1ppp/2n5/1B2p3/4P3/5N2/PPPP1PPP/RNBQK2R b KQkq - 3 3,564,842,343
C65,"Ruy Lopez: Berlin Defense",r1bqk2r/pppp1ppp/2B2n2/2b1p3/4P3/3P1N2/PPP2PPP/RNBQK2R b KQkq - 0 5,14,18,3
C65,"Ruy Lopez: Berlin Defense",r1bqkb1r/pppp1ppp/2n2n2/1B2p3/4P3/3P1N2/PPP2PPP/RNBQK2R b KQkq - 0 4,52,71,20
C65,"Ruy Lopez: Berlin Defense, Anderssen Variation",r1bqkb1r/ppp2ppp/2np1n2/1B2p3/4P3/3P1N2/PPP2PPP/RNBQK2R w KQkq - 0 5,9,20,5
C67,"Ruy Lopez: Berlin Defense, Rio Gambit Accepted",r1bqkb1r/pppp1ppp/2n5/1B2p3/4n3/5N2/PPPP1PPP/RNBQ1RK1 w kq - 0 5,31,134,13
C67,"Ruy Lopez: Berlin Defense, Rio Gambit Accepted",r1bqkb1r/pppp1ppp/2nn4/1B2N3/8/8/PPPP1PPP/RNBQR1K1 b kq - 0 6,11,50,6
C67,"Ruy Lopez: Berlin Defense, Rio Gambit Accepted",r1bqk2r/ppppbppp/2nn4/4N3/8/8/PPPP1PPP/RNBQRBK1 b kq - 2 7,8,42,5
C67,"Ruy Lopez: Berlin Defense, Rio Gambit Accepted",r1bqk2r/ppppbppp/3n4/4R3/8/8/PPPP1PPP/RNBQ1BK1 b kq - 0 8,9,40,4
C67,"Ruy Lopez: Berlin Defense, Rio Gambit Accepted",r1bqkb1r/pppp1ppp/2n5/1B2p3/4n3/5N2/PPPP1PPP/RNBQR1K1 b kq - 1 5,17,55,8
C67,"Ruy Lopez: Berlin Defense, Rio Gambit Accepted",r1bqk2r/ppppbppp/3n4/4n3/8/8/PPPP1PPP/RNBQRBK1 w kq - 0 8,6,35,3
C67,"Ruy Lopez: Berlin Defense, Rio Gambit Accepted",r1bq1rk1/ppppbppp/3n4/4R3/8/8/PPPP1PPP/RNBQ1BK1 w - - 1 9,9,40,4
C67,"Ruy Lopez: Berlin Defense, Rio Gambit Accepted",r1bqk2r/ppppbppp/2nn4/1B2N3/8/8/PPPP1PPP/RNBQR1K1 w kq - 1 7,8,45,5
C67,"Ruy Lopez: Berlin Defense, Rio Gambit Accepted",r1bq1rk1/ppppbppp/3n4/4R3/3P4/8/PPP2PPP/RNBQ1BK1 b - - 0 9,8,28,3
C67,"Ruy Lopez: Berlin Defense, Rio Gambit Accepted",r1bq1rk1/pppp1ppp/3n1b2/8/3P4/8/PPP2PPP/RNBQRBK1 b - - 2 10,4,24,3
C67,"Ruy Lopez: Berlin Defense, Rio Gambit Accepted",r1bq1rk1/pppp1ppp/3n1b2/4R3/3P4/8/PPP2PPP/RNBQ1BK1 w - - 1 10,6,26,3
C67,"Ruy Lopez: Berlin Defense, Rio Gambit Accepted",r1bqkb1r/pppp1ppp/2nn4/1B2p3/8/5N2/PPPP1PPP/RNBQR1K1 w kq - 2 6,17,55,8
C65,"Ruy Lopez: Classical Variation, Zukertort Gambit",r1bqkb1r/pppp1ppp/2n2n2/1B2p3/4P3/5N2/PPPP1PPP/RNBQ1RK1 b kq - 5 4,34,137,13
C92,"Ruy Lopez: Closed",r1bq1rk1/2p1bppp/p1np1n2/1p2p3/4P3/1BP2N1P/PP1P1PP1/RNBQR1K1 b - - 0 9,65,87,29
C92,"Ruy Lopez: Closed",r1bqk2r/2p1bppp/p1np1n2/1p2p3/4P3/1BP2N2/PP1P1PPP/RNBQR1K1 b kq - 0 8,52,71,28
C84,"Ruy Lopez: Closed",r1bqkb1r/1ppp1ppp/p1n2n2/4p3/B3P3/5N2/PPPP1PPP/RNBQ1RK1 b kq - 3 5,260,358,158
C92,"Ruy Lopez: Closed",r1bqk2r/2p1bppp/p1np1n2/1p2p3/4P3/1B3N2/PPPP1PPP/RNBQR1K1 w kq - 0 8,52,73,30
C92,"Ruy Lopez: Closed",r1bq1rk1/2p1bppp/p1np1n2/1p2p3/4P3/1BP2N2/PP1P1PPP/RNBQR1K1 w - - 1 9,63,87,31
C84,"Ruy Lopez: Closed",r1bqk2r/1pppbppp/p1n2n2/4p3/B3P3/5N2/PPPP1PPP/RNBQ1RK1 w kq - 4 6,161,221,91
C84,"Ruy Lopez: Closed",r1bqkb1r/1ppp1ppp/p1n2n2/4p3/B3P3/5N2/PPPP1PPP/RNBQK2R w KQkq - 2 5,328,437,192
C88,"Ruy Lopez: Closed, Anti-Marshall",r1bq1rk1/2ppbppp/p1n2n2/4p3/Pp2P3/1B3N2/1PPP1PPP/RNBQR1K1 w - - 0 9,10,10,6
C88,"Ruy Lopez: Closed, Anti-Marshall",r1bq1rk1/2ppbppp/p1n2n2/1p2p3/P3P3/1B3N2/1PPP1PPP/RNBQR1K1 b - - 0 8,27,32,13
C88,"Ruy Lopez: Closed, Anti-Marshall",r2q1rk1/1bppbppp/p1n2n2/1p2p3/P3P3/1B1P1N2/1PP2PPP/RNBQR1K1 b - - 2 9,13,17,6
C88,"Ruy Lopez: Closed, Anti-Marshall",r1bqk2r/2ppbppp/p1n2n2/1p2p3/B3P3/5N2/PPPP1PPP/RNBQR1K1 w kq - 0 7,106,139,59
C88,"Ruy Lopez: Closed, Anti-Marshall",r2q1rk1/1bppbppp/p1n2n2/1p2p3/P3P3/1B3N2/1PPP1PPP/RNBQR1K1 w - - 1 9,11,17,7
C88,"Ruy Lopez: Closed, Anti-Marshall",r2q1rk1/1bp1bppp/p1np1n2/1p2p3/P3P3/1B1P1N2/1PP2PPP/RNBQR1K1 w - - 0 10,11,14,4
C88,"Ruy Lopez: Closed, Anti-Marshall",r1bqk2r/1pppbppp/p1n2n2/4p3/B3P3/5N2/PPPP1PPP/RNBQR1K1 b kq - 5 6,108,142,61
C95,"Ruy Lopez: Closed, Breyer Defense, Zaitsev Hybrid",rnbq1rk1/2p1bppp/p2p1n2/1p2p3/4P3/1BP2N1P/PP1P1PP1/RNBQR1K1 w - - 1 10,16,14,10
C95,"Ruy Lopez: Closed, Breyer Defense, Zaitsev Hybrid",r1bq1rk1/2pnbppp/p2p1n2/1p2p3/3PP3/1BP2N1P/PP3PP1/RNBQR1K1 w - - 1 11,16,14,10
C95,"Ruy Lopez: Closed, Breyer Defense, Zaitsev Hybrid",r1bq1rk1/2pnbppp/p2p1n2/1p2p3/3PP3/1BP2N1P/PP1N1PP1/R1BQR1K1 b - - 2 11,10,10,8
C95,"Ruy Lopez: Closed, Breyer Defense, Zaitsev Hybrid",r2q1rk1/1bpnbppp/p2p1n2/1p2p3/3PP3/1BP2N1P/PP1N1PP1/R1BQR1K1 w - - 3 12,10,10,7
C95,"Ruy Lopez: Closed, Breyer Defense, Zaitsev Hybrid",rnbq1rk1/2p1bppp/p2p1n2/1p2p3/3PP3/1BP2N1P/PP3PP1/RNBQR1K1 b - - 0 10,16,14,10
C97,"Ruy Lopez: Closed, Chigorin Defense",r1bq1rk1/2p1bppp/p2p1n2/np2p3/4P3/1BP2N1P/PP1P1PP1/RNBQR1K1 w - - 1 10,23,23,6
C97,"Ruy Lopez: Closed, Chigorin Defense",r1bq1rk1/4bppp/p2p1n2/npp1p3/4P3/2P2N1P/PPBP1PP1/RNBQR1K1 w - - 0 11,18,18,6
C97,"Ruy Lopez: Closed, Chigorin Defense",r1bq1rk1/4bppp/p2p1n2/npp1p3/3PP3/2P2N1P/PPB2PP1/RNBQR1K1 b - - 0 11,18,18,5
C97,"Ruy Lopez: Closed, Chigorin Defense",r1bq1rk1/2p1bppp/p2p1n2/np2p3/4P3/2P2N1P/PPBP1PP1/RNBQR1K1 b - - 2 10,23,23,6
C97,"Ruy Lopez: Closed, Chigorin Defense",r1b2rk1/2q1bppp/p2p1n2/npp1p3/3PP3/2P2N1P/PPB2PP1/RNBQR1K1 w - - 1 12,12,12,3
C85,"Ruy Lopez: Closed, Delayed Exchange",r1bqk2r/1pp1bppp/p1p2n2/4p3/4P3/5N2/PPPP1PPP/RNBQ1RK1 w kq - 0 7,12,15,7
C85,"Ruy Lopez: Closed, Delayed Exchange",r1bqk2r/1pppbppp/p1B2n2/4p3/4P3/5N2/PPPP1PPP/RNBQ1RK1 b kq - 0 6,12,15,7
C92,"Ruy Lopez: Closed, Flohr System",r2q1rk1/1bp1bppp/p1np1n2/1p2p1N1/3PP3/1BP4P/PP3PP1/RNBQR1K1 w - - 3 12,4,19,2
C92,"Ruy Lopez: Closed, Flohr System",r2q1rk1/1bp1bppp/p1np1n2/1p2p3/3PP3/1BP2N1P/PP3PP1/RNBQR1K1 b - - 0 10,17,32,6
C92,"Ruy Lopez: Closed, Flohr System",r2q1rk1/1bp1bppp/p1np1n2/1p2p3/4P3/1BP2N1P/PP1P1PP1/RNBQR1K1 w - - 1 10,18,32,6
C92,"Ruy Lopez: Closed, Flohr System",r2qr1k1/1bp1bppp/p1np1n2/1p2p3/3PP3/1BP2N1P/PP3PP1/RNBQR1K1 w - - 1 11,18,31,7
C84,"Ruy Lopez: Closed, Martinez Variation",r1bqk2r/1pppbppp/p1n2n2/4p3/B3P3/3P1N2/PPP2PPP/RNBQ1RK1 b kq - 0 6,40,61,23
C84,"Ruy Lopez: Closed, Martinez Variation",r1bqk2r/2p1bppp/p1np1n2/1p2p3/4P3/PB1P1N2/1PP2PPP/RNBQ1RK1 b kq - 0 8,13,19,5
C84,"Ruy Lopez: Closed, Martinez Variation",r1bq1rk1/2p1bppp/p1np1n2/1p2p3/4P3/PBNP1N2/1PP2PPP/R1BQ1RK1 b - - 2 9,10,12,7
C84,"Ruy Lopez: Closed, Martinez Variation",r1bqk2r/2ppbppp/p1n2n2/1p2p3/B3P3/3P1N2/PPP2PPP/RNBQ1RK1 w kq - 0 7,34,48,23
C84,"Ruy Lopez: Closed, Martinez Variation",r1bq1rk1/2ppbppp/p1n2n2/1p2p3/4P3/1B1P1N2/PPP2PPP/RNBQ1RK1 w - - 2 8,10,10,7
C88,"Ruy Lopez: Closed, Trajkovic Counterattack",r1bqk2r/2ppbppp/p1n2n2/1p2p3/4P3/1B3N2/PPPP1PPP/RNBQR1K1 b kq - 1 7,107,139,59
C60,"Ruy Lopez: Cozio Defense",r1bqkb1r/ppppnppp/2n5/1B2p3/4P3/5N2/PPPP1PPP/RNBQK2R w KQkq - 4 4,10,16,9
C69,"Ruy Lopez: Exchange Variation, Alapin Gambit",r1bqkbnr/1ppp1ppp/p1B5/4p3/4P3/5N2/PPPP1PPP/RNBQK2R b KQkq - 0 4,10,29,12
C69,"Ruy Lopez: Exchange Variation, Alapin Gambit",r1bqkbnr/1pp2ppp/p1p5/4p3/4P3/5N2/PPPP1PPP/RNBQ1RK1 b kq - 1 5,9,23,9
C69,"Ruy Lopez: Exchange Variation, Alapin Gambit",r1bqkbnr/1pp2ppp/p1p5/4p3/4P3/5N2/PPPP1PPP/RNBQK2R w KQkq - 0 5,10,27,12
C89,"Ruy Lopez: Marshall Attack",r1bq1rk1/2ppbppp/p1n2n2/1p2p3/4P3/1BP2N2/PP1P1PPP/RNBQR1K1 b - - 0 8,15,23,7
C89,"Ruy Lopez: Marshall Attack",r1bq1rk1/2ppbppp/p1n2n2/1p2p3/4P3/1B3N2/PPPP1PPP/RNBQR1K1 w - - 2 8,55,65,29
C78,"Ruy Lopez: Morphy Defense",1rbqk2r/2p2ppp/pbnp1n2/1p2p3/P2PP3/1BP2N2/1P3PPP/RNBQ1RK1 w k - 1 10,12,14,2
C78,"Ruy Lopez: Morphy Defense",1rbqk2r/2pp1ppp/p1n2n2/1pb1p3/P3P3/1B3N2/1PPP1PPP/RNBQ1RK1 w k - 1 8,11,12,2
C78,"Ruy Lopez: Morphy Defense",r1bqk2r/2p2ppp/p1np1n2/1pb1p3/4P3/1BP2N2/PP1P1PPP/RNBQ1RK1 w kq - 0 8,7,17,9
C78,"Ruy Lopez: Morphy Defense",r1bqkb1r/2pp1ppp/p1n2n2/1p2p3/4P3/1B3N2/PPPP1PPP/RNBQ1RK1 b kq - 1 6,34,49,17
C78,"Ruy Lopez: Morphy Defense",r1bqkb1r/2pp1ppp/p1n2n2/1p2p3/B3P3/5N2/PPPP1PPP/RNBQ1RK1 w kq - 0 6,34,49,17
C78,"Ruy Lopez: Morphy Defense",r1bqk2r/2pp1ppp/p1n2n2/1pb1p3/4P3/1BP2N2/PP1P1PPP/RNBQ1RK1 b kq - 0 7,7,17,9
C78,"Ruy Lopez: Morphy Defense",r1bqk2r/2pp1ppp/p1n2n2/1pb1p3/4P3/1B3N2/PPPP1PPP/RNBQ1RK1 w kq - 2 7,19,27,11
C78,"Ruy Lopez: Morphy Defense",r1bqk2r/2pp1ppp/p1n2n2/1pb1p3/P3P3/1B3N2/1PPP1PPP/RNBQ1RK1 b kq - 0 7,13,13,5
C77,"Ruy Lopez: Morphy Defense, Anderssen Variation",r1bqk2r/2p1bppp/p1np1n2/1p2p3/4P3/1BPP1N2/PP3PPP/RNBQ1RK1 b kq - 0 8,14,15,8
C77,"Ruy Lopez: Morphy Defense, Anderssen Variation",r1bqk2r/2pp1ppp/p1n2n2/1pb1p3/4P3/1B1P1N2/PPP2PPP/RNBQK2R w KQkq - 2 7,11,8,7
C77,"Ruy Lopez: Morphy Defense, Anderssen Variation",r1bqkb1r/2pp1ppp/p1n2n2/1p2p3/B3P3/3P1N2/PPP2PPP/RNBQK2R w KQkq - 0 6,16,19,8
C77,"Ruy Lopez: Morphy Defense, Anderssen Variation",r1bqk2r/2p1bppp/p1np1n2/1p2p3/4P3/1B1P1N2/PPP2PPP/RNBQ1RK1 w kq - 0 8,30,44,16
C77,"Ruy Lopez: Morphy Defense, Anderssen Variation",r1bqk2r/2ppbppp/p1n2n2/1p2p3/4P3/1B1P1N2/PPP2PPP/RNBQ1RK1 b kq - 1 7,40,54,23
C77,"Ruy Lopez: Morphy Defense, Anderssen Variation",r1bqkb1r/2pp1ppp/p1n2n2/1p2p3/4P3/1B1P1N2/PPP2PPP/RNBQK2R b KQkq - 1 6,17,19,8
C77,"Ruy Lopez: Morphy Defense, Anderssen Variation",r1bqkb1r/1ppp1ppp/p1n2n2/4p3/B3P3/3P1N2/PPP2PPP/RNBQK2R b KQkq - 0 5,36,49,17
C77,"Ruy Lopez: Morphy Defense, Anderssen Variation",r1bq1rk1/2p1bppp/p1np1n2/1p2p3/4P3/1BPP1N2/PP3PPP/RNBQ1RK1 w - - 1 9,14,14,9
C78,"Ruy Lopez: Morphy Defense, Arkhangelsk Variation",r2qkb1r/1bpp1ppp/p1n2n2/1p2p3/4P3/1B3N2/PPPP1PPP/RNBQ1RK1 w kq - 2 7,9,18,7
C70,"Ruy Lopez: Morphy Defense, Classical Defense Deferred",r1bqk2r/bppp1ppp/p1n3n1/4p3/B2PP3/2P2N2/PP3PPP/RNBQ1RK1 w kq - 1 8,10,12,7
C70,"Ruy Lopez: Morphy Defense, Classical Defense Deferred",r1bqk1nr/1ppp1ppp/p1n5/2b1p3/B3P3/5N2/PPPP1PPP/RNBQK2R w KQkq - 2 5,20,20,14
C70,"Ruy Lopez: Morphy Defense, Classical Defense Deferred",r1bqk1nr/1ppp1ppp/p1n5/2b1p3/B3P3/2P2N2/PP1P1PPP/RNBQK2R b KQkq - 0 5,13,13,7
C70,"Ruy Lopez: Morphy Defense, Classical Defense Deferred",r1bqk2r/1pppnppp/p1n5/2b1p3/B3P3/2P2N2/PP1P1PPP/RNBQK2R w KQkq - 1 6,11,12,6
C70,"Ruy Lopez: Morphy Defense, Classical Defense Deferred",r1bqk2r/1pppnppp/p1n5/2b1p3/B3P3/2P2N2/PP1P1PPP/RNBQ1RK1 b kq - 0 6,10,11,7
C70,"Ruy Lopez: Morphy Defense, Cozio Defense",r1bqkbnr/1ppp1ppp/p1n5/4p3/B3P3/5N2/PPPP1PPP/RNBQK2R b KQkq - 1 4,426,546,270
C70,"Ruy Lopez: Morphy Defense, Cozio Defense",r1bqkbnr/1ppp1ppp/p1n5/1B2p3/4P3/5N2/PPPP1PPP/RNBQK2R w KQkq - 0 4,436,575,282
C70,"Ruy Lopez: Morphy Defense, Cozio Defense",r1bqkb1r/1pppnppp/p1n5/4p3/B3P3/5N2/PPPP1PPP/RNBQK2R w KQkq - 2 5,13,27,15
C70,"Ruy Lopez: Morphy Defense, Cozio Defense",r1bqkb1r/1pppnppp/p1n5/4p3/B3P3/2P2N2/PP1P1PPP/RNBQK2R b KQkq - 0 5,5,14,8
C77,"Ruy Lopez: Morphy Defense, Duras Variation",r1bqkb1r/1pp2ppp/p1np1n2/4p3/B3P3/3P1N2/PPP2PPP/RNBQK2R w KQkq - 0 6,13,15,6
C72,"Ruy Lopez: Morphy Defense, Modern Steinitz Defense",r1bqkbnr/1pp2ppp/p1np4/4p3/B3P3/5N2/PPPP1PPP/RNBQ1RK1 b kq - 1 5,25,21,16
C72,"Ruy Lopez: Morphy Defense, Modern Steinitz Defense",r1bqkbnr/1pp2ppp/p1np4/4p3/B3P3/5N2/PPPP1PPP/RNBQK2R w KQkq - 0 5,41,41,30
C74,"Ruy Lopez: Morphy Defense, Modern Steinitz Defense",r1bqkbnr/1pp2ppp/p1np4/4p3/B3P3/2P2N2/PP1P1PPP/RNBQK2R b KQkq - 0 5,10,10,10
C72,"Ruy Lopez: Morphy Defense, Modern Steinitz Defense",r2qkbnr/1ppb1ppp/p1np4/4p3/B3P3/5N2/PPPP1PPP/RNBQ1RK1 w kq - 2 6,16,16,13
C72,"Ruy Lopez: Morphy Defense, Modern Steinitz Defense",r2qkbnr/1ppb1ppp/p1np4/4p3/B3P3/2P2N2/PP1P1PPP/RNBQ1RK1 b kq - 0 6,12,11,8
C78,"Ruy Lopez: Morphy Defense, Neo-Arkhangelsk Variation",r1bqk2r/1ppp1ppp/p1n2n2/2b1p3/B3P3/2P2N2/PP1P1PPP/RNBQ1RK1 b kq - 0 6,8,12,6
C78,"Ruy Lopez: Morphy Defense, Neo-Arkhangelsk Variation",r1bqk2r/1ppp1ppp/p1n2n2/2b1p3/B3P3/5N2/PPPP1PPP/RNBQ1RK1 w kq - 4 6,10,14,6
C70,"Ruy Lopez: Morphy Defense, Norwegian Variation",r1bqkbnr/2pp1ppp/p1n5/1p2p3/B3P3/5N2/PPPP1PPP/RNBQK2R w KQkq - 0 5,12,8,9
C70,"Ruy Lopez: Morphy Defense, Norwegian Variation",r1bqkbnr/2pp1ppp/p1n5/1p2p3/4P3/1B3N2/PPPP1PPP/RNBQK2R b KQkq - 1 5,12,8,9
C79,"Ruy Lopez: Morphy Defense, Steinitz Deferred",r1bqkb1r/1pp2ppp/p1np1n2/4p3/B3P3/2P2N2/PP1P1PPP/RNBQ1RK1 b kq - 0 6,9,10,7
C79,"Ruy Lopez: Morphy Defense, Steinitz Deferred",r2qkb1r/1ppb1ppp/p1np1n2/4p3/B3P3/5N2/PPPP1PPP/RNBQR1K1 w kq - 2 7,16,20,15
C79,"Ruy Lopez: Morphy Defense, Steinitz Deferred",r2qk2r/1ppb1pbp/p1np1np1/4p3/B2PP3/2P2N1P/PP3PP1/RNBQR1K1 b kq - 0 9,6,16,13
C79,"Ruy Lopez: Morphy Defense, Steinitz Deferred",r2qkb1r/1ppb1p1p/p1np1np1/4p3/B3P3/2P2N2/PP1P1PPP/RNBQR1K1 w kq - 0 8,11,25,18
C79,"Ruy Lopez: Morphy Defense, Steinitz Deferred",r2qkb1r/1ppb1ppp/p1np1n2/4p3/B3P3/2P2N2/PP1P1PPP/RNBQR1K1 b kq - 0 7,11,26,18
C79,"Ruy Lopez: Morphy Defense, Steinitz Deferred",r2q1rk1/1ppb1pbp/p1np1np1/4p3/B2PP3/2P2N1P/PP3PP1/RNBQR1K1 w - - 1 10,6,16,12
C79,"Ruy Lopez: Morphy Defense, Steinitz Deferred",r2qkb1r/1ppb1ppp/p1np1n2/4p3/B3P3/2P2N2/PP1P1PPP/RNBQ1RK1 w kq - 3 7,9,11,9
C79,"Ruy Lopez: Morphy Defense, Steinitz Deferred",r1bqkb1r/1pp2ppp/p1np1n2/4p3/B3P3/5N2/PPPP1PPP/RNBQR1K1 b kq - 1 6,18,20,15
C79,"Ruy Lopez: Morphy Defense, Steinitz Deferred",r1bqkb1r/1pp2ppp/p1np1n2/4p3/B3P3/5N2/PPPP1PPP/RNBQ1RK1 w kq - 0 6,35,43,30
C79,"Ruy Lopez: Morphy Defense, Steinitz Deferred",r2qk2r/1ppb1pbp/p1np1np1/4p3/B2PP3/2P2N2/PP3PPP/RNBQR1K1 w kq - 1 9,12,25,23
C79,"Ruy Lopez: Morphy Defense, Steinitz Deferred",r2q1rk1/1ppb1pbp/p1np1np1/4p3/3PP3/2P2N1P/PPB2PP1/RNBQR1K1 b - - 2 10,5,15,11
C79,"Ruy Lopez: Morphy Defense, Steinitz Deferred",r2qkb1r/1ppb1p1p/p1np1np1/4p3/B2PP3/2P2N2/PP3PPP/RNBQR1K1 b kq - 0 8,11,24,21
C77,"Ruy Lopez: Morphy Defense, Tarrasch Variation",r1bqkb1r/1ppp1ppp/p1n2n2/4p3/B3P3/2N2N2/PPPP1PPP/R1BQK2R b KQkq - 3 5,23,25,12
C67,"Ruy Lopez: Open Berlin Defense, Showalter Variation",r1bqkb1r/pppp1ppp/2nn4/1B2p3/3P4/5N2/PPP2PPP/RNBQ1RK1 w kq - 1 6,14,78,5
C67,"Ruy Lopez: Open Berlin Defense, Showalter Variation",r1bqkb1r/pppp1ppp/2n5/1B2p3/3Pn3/5N2/PPP2PPP/RNBQ1RK1 b kq - 0 5,14,79,5
C67,"Ruy Lopez: Open Berlin Defense, l'Hermet Variation",r1bqkb1r/pppp1ppp/8/4P3/P2Q4/8/1PP2PPP/RNB2RK1 b kq - 0 9,1,35,0
C67,"Ruy Lopez: Open Berlin Defense, l'Hermet Variation",r1bqkb1r/pppp1ppp/2n5/1n2P3/P7/5N2/1PP2PPP/RNBQ1RK1 b kq - 0 7,2,65,0
C67,"Ruy Lopez: Open Berlin Defense, l'Hermet Variation",r1bqkb1r/pppp1ppp/8/4P3/P2n4/8/1PP2PPP/RNBQ1RK1 w kq - 0 9,1,35,0
C67,"Ruy Lopez: Open Berlin Defense, l'Hermet Variation",r1bqkb1r/pppp1ppp/2n5/4P3/P2n4/5N2/1PP2PPP/RNBQ1RK1 w kq - 1 8,2,65,0
C67,"Ruy Lopez: Open Berlin Defense, l'Hermet Variation",r1bqkb1r/pppp1ppp/2nn4/1B2P3/8/5N2/PPP2PPP/RNBQ1RK1 b kq - 0 6,2,65,1
C67,"Ruy Lopez: Open Berlin Defense, l'Hermet Variation",r1bqkb1r/pppp1ppp/2n5/4P3/P2N4/8/1PP2PPP/RNBQ1RK1 b kq - 0 8,2,65,0
C67,"Ruy Lopez: Open Berlin Defense, l'Hermet Variation",r1bqkbnr/pppppppp/2n5/8/4P3/5N2/PPPP1PPP/RNBQKB1R b KQkq - 2 2,16,13,13
C67,"Ruy Lopez: Open Berlin Defense, l'Hermet Variation",r1bqkb1r/ppp2ppp/3P4/8/P2n4/8/1PP2PPP/RNBQ1RK1 w kq - 0 10,0,28,0
C67,"Ruy Lopez: Open Berlin Defense, l'Hermet Variation",r1b1kb1r/ppp2ppp/3q4/8/P2Q4/8/1PP2PPP/RNB2RK1 w kq - 0 11,0,63,0
C67,"Ruy Lopez: Open Berlin Defense, l'Hermet Variation",r1bqkb1r/pppp1ppp/2n5/1n2P3/8/5N2/PPP2PPP/RNBQ1RK1 w kq - 0 7,2,65,1
C67,"Ruy Lopez: Open Berlin Defense, l'Hermet Variation",r1bqkb1r/ppp2ppp/3P4/8/P2Q4/8/1PP2PPP/RNB2RK1 b kq - 0 10,0,63,0
C67,"Ruy Lopez: Open Berlin Defense, l'Hermet Variation",r1b1kb1r/ppp2ppp/3q4/8/P3Q3/8/1PP2PPP/RNB2RK1 b kq - 1 11,0,63,0
C67,"Ruy Lopez: Open Berlin Defense, l'Hermet Variation",r1b1kb1r/ppp2ppp/4q3/8/P3Q3/8/1PP2PPP/RNB2RK1 w kq - 2 12,0,63,0
C67,"Ruy Lopez: Open Berlin Defense, l'Hermet Variation",r1bqkb1r/ppp2ppp/2n5/3pP3/P2N4/8/1PP2PPP/RNBQ1RK1 w kq d6 0 9,1,29,0
C67,"Ruy Lopez: Open Berlin Defense, l'Hermet Variation",r1bqkb1r/ppp2ppp/2nP4/8/P2N4/8/1PP2PPP/RNBQ1RK1 b kq - 0 9,1,28,0
C67,"Ruy Lopez: Open Berlin Defense, l'Hermet Variation",r1bqkb1r/ppp2ppp/8/3pP3/P2Q4/8/1PP2PPP/RNB2RK1 w kq d6 0 10,1,35,0
C82,"Ruy Lopez: Open, Italian Variation",r1bqkb1r/2p2ppp/p1n5/1p1pp3/3Pn3/1B3N2/PPP2PPP/RNBQ1RK1 w kq - 0 8,20,26,5
C82,"Ruy Lopez: Open, Italian Variation",r1bqkb1r/1ppp1ppp/p1n5/4p3/B2Pn3/5N2/PPP2PPP/RNBQ1RK1 b kq - 0 6,26,29,13
C82,"Ruy Lopez: Open, Italian Variation",r1bqkb1r/2pp1ppp/p1n5/1p2p3/B2Pn3/5N2/PPP2PPP/RNBQ1RK1 w kq - 0 7,20,26,5
C82,"Ruy Lopez: Open, Italian Variation",r1bqkb1r/2pp1ppp/p1n5/1p2p3/3Pn3/1B3N2/PPP2PPP/RNBQ1RK1 b kq - 1 7,20,26,5
C82,"Ruy Lopez: Open, Italian Variation",r2qkb1r/2p2ppp/p1n1b3/1p1pP3/4n3/1B3N2/PPP2PPP/RNBQ1RK1 w kq - 1 9,19,25,5
C82,"Ruy Lopez: Open, Italian Variation",r1bqkb1r/1ppp1ppp/p1n5/4p3/B3n3/5N2/PPPP1PPP/RNBQ1RK1 w kq - 0 6,26,32,14
C82,"Ruy Lopez: Open, Italian Variation",r1bqkb1r/2p2ppp/p1n5/1p1pP3/4n3/1B3N2/PPP2PPP/RNBQ1RK1 b kq - 0 8,19,25,5
C82,"Ruy Lopez: Open, Italian Variation",r2qkb1r/2p2ppp/p1n1b3/1p1pP3/4n3/1BP2N2/PP3PPP/RNBQ1RK1 b kq - 0 9,11,12,3
A09,"Réti Opening: Advance Variation",rnbqkbnr/ppp1pppp/8/8/2Pp4/5N2/PP1PPPPP/RNBQKB1R w KQkq - 0 3,12,13,15
A09,"Réti Opening: Advance Variation, Michel Gambit",rnbqkbnr/ppp1pppp/8/8/1PPp4/5N2/P2PPPPP/RNBQKB1R b KQkq - 0 3,10,9,10
A14,"Réti Opening: Anglo-Slav Variation, Bogoljubow Variation, Stonewall Line",rnbqkbnr/pp1ppppp/2p5/8/2P5/5N2/PP1PPPPP/RNBQKB1R b KQkq - 1 2,22,18,7
A14,"Réti Opening: Anglo-Slav Variation, Bogoljubow Variation, Stonewall Line",rnbqkbnr/pp2pppp/2p5/3p4/2P5/5N2/PP1PPPPP/RNBQKB1R w KQkq - 0 3,29,23,12
B01,"Scandinavian Defense: Classical Variation",rnb1kb1r/ppp1pppp/5n2/q7/3P4/2N2N2/PPP2PPP/R1BQKB1R b KQkq - 2 5,19,12,6
B01,"Scandinavian Defense: Gubinsky-Melts Defense",rnb1kbnr/ppp1pppp/8/3q4/8/8/PPPP1PPP/RNBQKBNR w KQkq - 0 3,64,65,20
B01,"Scandinavian Defense: Gubinsky-Melts Defense",rnb1kbnr/ppp1pppp/8/3q4/8/2N5/PPPP1PPP/R1BQKBNR b KQkq - 1 3,56,59,18
B01,"Scandinavian Defense: Gubinsky-Melts Defense",rnbqkbnr/ppp1pppp/8/3p4/4P3/8/PPPP1PPP/RNBQKBNR w KQkq - 0 2,99,104,26
B01,"Scandinavian Defense: Gubinsky-Melts Defense",rnb1kbnr/ppp1pppp/3q4/8/8/2N5/PPPP1PPP/R1BQKBNR w KQkq - 2 4,16,16,6
B01,"Scandinavian Defense: Gubinsky-Melts Defense",rnb1kbnr/ppp1pppp/3q4/8/3P4/2N5/PPP2PPP/R1BQKBNR b KQkq - 0 4,15,12,5
B01,"Scandinavian Defense: Gubinsky-Melts Defense",rnbqkbnr/ppp1pppp/8/3P4/8/8/PPPP1PPP/RNBQKBNR b KQkq - 0 2,99,104,26
B01,"Scandinavian Defense: Gubinsky-Melts Defense",rnb1kb1r/ppp1pppp/3q1n2/8/3P4/2N5/PPP2PPP/R1BQKBNR w KQkq - 1 5,15,12,5
B01,"Scandinavian Defense: Main Line, Mieses Variation",rnb1kb1r/ppp1pppp/5n2/q7/3P4/2N5/PPP2PPP/R1BQKBNR w KQkq - 1 5,22,18,9
B01,"Scandinavian Defense: Main Line, Mieses Variation",rnb1kbnr/ppp1pppp/8/q7/3P4/2N5/PPP2PPP/R1BQKBNR b KQkq - 0 4,29,28,9
B01,"Scandinavian Defense: Main Line, Mieses Variation",rnb1kbnr/ppp1pppp/8/q7/8/2N5/PPPP1PPP/R1BQKBNR w KQkq - 2 4,35,35,9
B01,"Scandinavian Defense: Marshall Variation",rnbqkb1r/ppp1pppp/8/3n4/2PP4/8/PP3PPP/RNBQKBNR b KQkq - 0 4,14,14,0
B01,"Scandinavian Defense: Modern Variation, Gipslis Variation",rnbqkb1r/ppp1pppp/5n2/3P4/3P4/8/PPP2PPP/RNBQKBNR b KQkq - 0 3,21,26,5
B01,"Scandinavian Defense: Modern Variation, Gipslis Variation",rnbqkb1r/ppp1pppp/8/3n4/3P4/8/PPP2PPP/RNBQKBNR w KQkq - 0 4,20,22,2
B01,"Scandinavian Defense: Modern Variation, Gipslis Variation",rnbqkb1r/ppp1pppp/5n2/3P4/8/8/PPPP1PPP/RNBQKBNR w KQkq - 1 3,34,39,6
C45,"Scotch Game: Meitner Variation",r1bqkbnr/pppp1ppp/2n5/4p3/3PP3/5N2/PPP2PPP/RNBQKB1R b KQkq - 0 3,61,67,34
C45,"Scotch Game: Meitner Variation",r1bqkbnr/pppp1ppp/2n5/8/3NP3/8/PPP2PPP/RNBQKB1R b KQkq - 0 4,42,47,23
C45,"Scotch Game: Meitner Variation",r1bqkbnr/pppp1ppp/2n5/8/3pP3/5N2/PPP2PPP/RNBQKB1R w KQkq - 0 4,56,62,34
C45,"Scotch Game: Mieses Variation",r1bqkb1r/p1pp1ppp/2p2n2/4P3/8/8/PPP2PPP/RNBQKB1R b KQkq - 0 6,9,9,7
C45,"Scotch Game: Potter Variation",r1bqk1nr/pppp1ppp/2n5/2b5/3NP3/8/PPP2PPP/RNBQKB1R w KQkq - 1 5,11,11,7
C45,"Scotch Game: Schmidt Variation",r1bqkb1r/pppp1ppp/2n2n2/8/3NP3/8/PPP2PPP/RNBQKB1R w KQkq - 1 5,20,30,12
C45,"Scotch Game: Tartakower Variation",r1bqkb1r/pppp1ppp/2N2n2/8/4P3/8/PPP2PPP/RNBQKB1R b KQkq - 0 5,20,23,11
C45,"Scotch Game: Tartakower Variation",r1bqkb1r/p1pp1ppp/2p2n2/8/4P3/8/PPP2PPP/RNBQKB1R w KQkq - 0 6,20,23,11
D43,"Semi-Slav Defense",rnbqkb1r/pp3ppp/2p1pn2/3p4/2PP4/2N2N2/PP2PPPP/R1BQKB1R w KQkq - 0 5,79,76,43
D43,"Semi-Slav Defense",rnbqkb1r/pp3ppp/2p1pn2/3p2B1/2PP4/2N2N2/PP2PPPP/R2QKB1R b KQkq - 1 5,31,25,18
D43,"Semi-Slav Defense",rnbqkb1r/ppp2ppp/4pn2/3p4/2PP4/2N5/PP2PPPP/R1BQKBNR w KQkq - 2 4,251,261,114
D45,"Semi-Slav Defense: Accelerated Meran Variation",rnbqkb1r/1p3ppp/p1p1pn2/3p4/2PP4/2N1PN2/PP3PPP/R1BQKB1R w KQkq - 0 6,14,16,3
D43,"Semi-Slav Defense: Anti-Moscow Gambit",rnbqkb1r/pp3pp1/2p1pn1p/3p2B1/2PP4/2N2N2/PP2PPPP/R2QKB1R w KQkq - 0 6,16,9,13
D46,"Semi-Slav Defense: Chigorin Defense",r1bqk2r/pp1n1ppp/2pbpn2/3p4/2PP4/2N1PN2/PPQ2PPP/R1B1KB1R w KQkq - 4 7,15,25,10
D46,"Semi-Slav Defense: Chigorin Defense",rnbqkb1r/pp2pppp/2p2n2/3p4/2PP4/2N2N2/PP2PPPP/R1BQKB1R b KQkq - 3 4,94,95,34
D46,"Semi-Slav Defense: Chigorin Defense",rnbqkbnr/pp3ppp/2p1p3/3p4/2PP4/2N5/PP2PPPP/R1BQKBNR w KQkq - 0 4,24,35,16
D46,"Semi-Slav Defense: Chigorin Defense",r1bqk2r/pp1n1ppp/2pbpn2/3p4/2PP4/2NBPN2/PPQ2PPP/R1B1K2R b KQkq - 5 7,10,13,2
D46,"Semi-Slav Defense: Chigorin Defense",rnbqkb1r/pp3ppp/2p1pn2/3p4/2PP4/2N1P3/PP3PPP/R1BQKBNR w KQkq - 0 5,11,16,5
D46,"Semi-Slav Defense: Chigorin Defense",rnbqkb1r/pp2pppp/2p2n2/3p4/2PP4/5N2/PP2PPPP/RNBQKB1R w KQkq - 2 4,146,179,63
D46,"Semi-Slav Defense: Chigorin Defense",r1bqkb1r/pp1n1ppp/2p1pn2/3p4/2PP4/2N1PN2/PP3PPP/R1BQKB1R w KQkq - 2 6,40,47,19
D46,"Semi-Slav Defense: Chigorin Defense",r1bqkb1r/pp1n1ppp/2p1pn2/3p4/2PP4/2N1PN2/PPQ2PPP/R1B1KB1R b KQkq - 3 6,18,26,11
D46,"Semi-Slav Defense: Chigorin Defense",rnbqkb1r/pp3ppp/2p1pn2/3p4/2PP4/2N1PN2/PP3PPP/R1BQKB1R b KQkq - 1 5,56,62,21
D46,"Semi-Slav Defense: Chigorin Defense",rnbqkbnr/pp2pppp/2p5/3p4/2PP4/5N2/PP2PPPP/RNBQKB1R b KQkq - 1 3,124,147,50
D31,"Semi-Slav Defense: Marshall Gambit, Forgotten Variation",rnbqkbnr/pp3ppp/2p1p3/3p4/2PPP3/2N5/PP3PPP/R1BQKBNR b KQkq - 0 4,10,12,4
D47,"Semi-Slav Defense: Meran Variation, Wade Variation",rnbqkb1r/pp3ppp/2p1pn2/3p4/2PP4/4PN2/PP3PPP/RNBQKB1R w KQkq - 0 5,21,11,4
D47,"Semi-Slav Defense: Meran Variation, Wade Variation",rnbqkbnr/pp3ppp/2p1p3/3p4/2PP4/5N2/PP2PPPP/RNBQKB1R w KQkq - 0 4,14,21,5
D45,"Semi-Slav Defense: Normal Variation",r1bqkb1r/pp1n1ppp/2p1pn2/3p4/2PP4/2N1PN2/PP2BPPP/R1BQK2R b KQkq - 3 6,12,11,5
D30,"Semi-Slav Defense: Quiet Variation",rnbqkb1r/pp1ppppp/2p2n2/8/2PP4/5N2/PP2PPPP/RNBQKB1R b KQkq - 1 3,13,11,5
D45,"Semi-Slav Defense: Stoltz Variation",rnbqkbnr/pp3ppp/2p1p3/3p4/2PP4/2N2N2/PP2PPPP/R1BQKB1R b KQkq - 1 4,11,18,3
B20,"Sicilian Defense",rnbqkbnr/pppppppp/8/8/4P3/8/PPPP1PPP/RNBQKBNR b KQkq - 0 1,4694,5490,2722
B36,"Sicilian Defense: Accelerated Dragon, Maróczy Bind",r1bqkb1r/pp1ppp1p/2n2np1/8/2PNP3/2N5/PP3PPP/R1BQKB1R b KQkq - 2 6,18,25,6
B36,"Sicilian Defense: Accelerated Dragon, Maróczy Bind",r1bqkb1r/pp1ppp1p/2n2np1/8/2PNP3/8/PP3PPP/RNBQKB1R w KQkq - 1 6,16,24,6
B38,"Sicilian Defense: Accelerated Dragon, Maróczy Bind",rnbqkbnr/pp1ppp1p/6p1/8/3pP3/5N2/PPP2PPP/RNBQKB1R w KQkq - 0 4,20,16,15
B36,"Sicilian Defense: Accelerated Dragon, Maróczy Bind",r1bqkb1r/pp2pp1p/2np1np1/8/2PNP3/2N5/PP3PPP/R1BQKB1R w KQkq - 0 7,10,19,5
B38,"Sicilian Defense: Accelerated Dragon, Maróczy Bind",rnbqkbnr/pp1ppp1p/6p1/8/3NP3/8/PPP2PPP/RNBQKB1R b KQkq - 0 4,17,12,14
B38,"Sicilian Defense: Accelerated Dragon, Maróczy Bind",r1bqkbnr/pp1ppp1p/2n3p1/8/2PNP3/8/PP3PPP/RNBQKB1R b KQkq - 0 5,34,41,12
B36,"Sicilian Defense: Accelerated Dragon, Maróczy Bind",r1bqk2r/pp2ppbp/3p1np1/8/2PQP3/2N5/PP2BPPP/R1B1K2R w KQkq - 1 9,8,14,5
B38,"Sicilian Defense: Accelerated Dragon, Maróczy Bind",r1b1k1nr/pp1pppbp/1qn3p1/8/2PNP3/4B3/PP3PPP/RN1QKB1R w KQkq - 3 7,19,17,11
B38,"Sicilian Defense: Accelerated Dragon, Maróczy Bind",r1bqk1nr/pp1pppbp/2n3p1/8/2P1P3/1N2B3/PP3PPP/RN1QKB1R w KQkq - 5 8,16,14,6
B38,"Sicilian Defense: Accelerated Dragon, Maróczy Bind",r1bqk1nr/pp1pppbp/2n3p1/8/2PNP3/4B3/PP3PPP/RN1QKB1R b KQkq - 2 6,34,32,16
B38,"Sicilian Defense: Accelerated Dragon, Maróczy Bind",rnbqkbnr/pp1ppp1p/6p1/2p5/3PP3/5N2/PPP2PPP/RNBQKB1R b KQkq - 0 3,22,21,15
B36,"Sicilian Defense: Accelerated Dragon, Maróczy Bind",r1bqkb1r/pp2pp1p/3p1np1/8/2PQP3/2N5/PP2BPPP/R1B1K2R b KQkq - 0 8,8,14,5
B38,"Sicilian Defense: Accelerated Dragon, Maróczy Bind",r1bq1rk1/pp2ppbp/2np1np1/8/2PNP3/2N1B3/PP2BPPP/R2QK2R w KQ - 5 9,12,9,4
B38,"Sicilian Defense: Accelerated Dragon, Maróczy Bind",r1b1k1nr/pp1pppbp/1qn3p1/8/2P1P3/1N2B3/PP3PPP/RN1QKB1R b KQkq - 4 7,16,15,7
B38,"Sicilian Defense: Accelerated Dragon, Maróczy Bind",rnbqk1nr/pp1pppbp/6p1/8/2PNP3/8/PP3PPP/RNBQKB1R b KQkq - 0 5,11,8,10
B36,"Sicilian Defense: Accelerated Dragon, Maróczy Bind",r1bqkb1r/pp2pp1p/2np1np1/8/2PNP3/2N5/PP2BPPP/R1BQK2R b KQkq - 1 7,7,13,5
B38,"Sicilian Defense: Accelerated Dragon, Maróczy Bind",rnbqkbnr/pp1ppp1p/6p1/2p5/4P3/5N2/PPPP1PPP/RNBQKB1R w KQkq - 0 3,46,43,31
B38,"Sicilian Defense: Accelerated Dragon, Maróczy Bind",r1bqk1nr/pp1pppbp/2n3p1/8/2PNP3/8/PP3PPP/RNBQKB1R w KQkq - 1 6,29,23,15
B39,"Sicilian Defense: Accelerated Dragon, Maróczy Bind, Breyer Variation",r1bqk2r/pp1pppbp/2n2np1/8/2PNP3/2N1B3/PP3PPP/R2QKB1R b KQkq - 4 7,11,11,4
B39,"Sicilian Defense: Accelerated Dragon, Maróczy Bind, Breyer Variation",r1bqk2r/pp1pppbp/2n2np1/8/2PNP3/4B3/PP3PPP/RN1QKB1R w KQkq - 3 7,10,11,4
B35,"Sicilian Defense: Accelerated Dragon, Modern Bc4 Variation",r1bqkbnr/pp1ppp1p/2n3p1/2p5/4P3/2N2N2/PPPP1PPP/R1BQKB1R w KQkq - 0 4,14,20,14
B35,"Sicilian Defense: Accelerated Dragon, Modern Bc4 Variation",r1bqkbnr/pp1ppp1p/2n3p1/2p5/3PP3/2N2N2/PPP2PPP/R1BQKB1R b KQkq - 0 4,9,17,11
B35,"Sicilian Defense: Accelerated Dragon, Modern Bc4 Variation",r1bq1rk1/pp1pppbp/2n2np1/8/2BNP3/2N1B3/PPP2PPP/R2QK2R w KQ - 5 8,10,14,6
B35,"Sicilian Defense: Accelerated Dragon, Modern Bc4 Variation",r1bqk2r/pp1pppbp/2n2np1/8/2BNP3/2N1B3/PPP2PPP/R2QK2R b KQkq - 4 7,12,16,9
B35,"Sicilian Defense: Accelerated Dragon, Modern Bc4 Variation",r1bq1rk1/pp1pppbp/2n2np1/8/3NP3/1BN1B3/PPP2PPP/R2QK2R b KQ - 6 8,9,14,5
B35,"Sicilian Defense: Accelerated Dragon, Modern Bc4 Variation",r1bqkbnr/pp1ppp1p/2n3p1/8/3pP3/2N2N2/PPP2PPP/R1BQKB1R w KQkq - 0 5,9,17,11
B22,"Sicilian Defense: Alapin Variation",r1bqkb1r/pp1ppppp/2n5/2pnP3/8/2P2N2/PP1P1PPP/RNBQKB1R w KQkq - 3 5,10,9,6
B22,"Sicilian Defense: Alapin Variation",rnbqkb1r/pp1ppppp/8/2pnP3/8/2P2N2/PP1P1PPP/RNBQKB1R b KQkq - 2 4,11,26,18
B22,"Sicilian Defense: Alapin Variation, Barmen Defense",rnb1k1nr/pp2ppbp/6p1/2pq4/3P4/2P2N2/PP3PPP/RNBQKB1R w KQkq - 1 6,15,10,8
B22,"Sicilian Defense: Alapin Variation, Barmen Defense",rnb1kbnr/pp2pp1p/6p1/2pq4/3P4/2P2N2/PP3PPP/RNBQKB1R b KQkq - 0 5,16,10,8
B22,"Sicilian Defense: Alapin Variation, Smith-Morra Declined",rnbqkb1r/pp1ppppp/8/2pnP3/3P4/2P5/PP3PPP/RNBQKBNR b KQkq - 0 4,9,14,14
B22,"Sicilian Defense: Alapin Variation, Smith-Morra Declined",rnbqkb1r/pp1ppppp/8/2pnP3/8/2P5/PP1P1PPP/RNBQKBNR w KQkq - 1 4,28,46,34
B22,"Sicilian Defense: Alapin Variation, Smith-Morra Declined",rnbqkb1r/pp1ppppp/8/3nP3/3p4/2P5/PP3PPP/RNBQKBNR w KQkq - 0 5,9,16,14
B22,"Sicilian Defense: Alapin Variation, Smith-Morra Declined",rnbqkb1r/pp1p1ppp/4p3/3nP3/3p4/2P2N2/PP3PPP/RNBQKB1R w KQkq - 0 6,15,13,8
B22,"Sicilian Defense: Alapin Variation, Smith-Morra Declined",rnbqkbnr/pp1ppppp/8/8/3pP3/8/PPP2PPP/RNBQKBNR w KQkq - 0 3,9,19,14
B22,"Sicilian Defense: Alapin Variation, Smith-Morra Declined",rnbqkbnr/pp1ppppp/8/2p5/3PP3/8/PPP2PPP/RNBQKBNR b KQkq - 0 2,9,19,14
B22,"Sicilian Defense: Alapin Variation, Smith-Morra Declined",rnbqkb1r/pp1p1ppp/4p3/3nP3/3P4/5N2/PP3PPP/RNBQKB1R b KQkq - 0 6,14,13,8
B22,"Sicilian Defense: Alapin Variation, Smith-Morra Declined",rnbqkb1r/pp3ppp/3pp3/3nP3/3P4/5N2/PP3PPP/RNBQKB1R w KQkq - 0 7,9,12,6
B22,"Sicilian Defense: Alapin Variation, Smith-Morra Declined",rnbqkb1r/pp1ppppp/5n2/2p1P3/8/2P5/PP1P1PPP/RNBQKBNR b KQkq - 0 3,28,46,34
B22,"Sicilian Defense: Alapin Variation, Smith-Morra Declined",rnbqkb1r/pp1ppppp/5n2/2p5/4P3/2P5/PP1P1PPP/RNBQKBNR w KQkq - 1 3,28,46,34
B53,"Sicilian Defense: Chekhover Variation",r1bqkbnr/pp2pppp/2np4/8/3QP3/5N2/PPP2PPP/RNB1KB1R w KQkq - 1 5,13,16,10
B53,"Sicilian Defense: Chekhover Variation",rnbqkbnr/pp2pppp/3p4/8/3QP3/5N2/PPP2PPP/RNB1KB1R b KQkq - 0 4,18,24,16
B56,"Sicilian Defense: Classical Variation",r1bqkb1r/pp1ppppp/2n2n2/8/3NP3/8/PPP2PPP/RNBQKB1R w KQkq - 1 5,44,81,57
B56,"Sicilian Defense: Classical Variation",r1bqkb1r/pp1ppppp/2n2n2/8/3NP3/2N5/PPP2PPP/R1BQKB1R b KQkq - 2 5,46,83,57
B23,"Sicilian Defense: Closed",rnbqkbnr/pp1ppppp/8/2p5/4P3/2N5/PPPP1PPP/R1BQKBNR b KQkq - 1 2,100,74,82
B23,"Sicilian Defense: Closed",rnbqkbnr/pp2pppp/3p4/2p5/4P3/2N5/PPPP1PPP/R1BQKBNR w KQkq - 0 3,24,23,18
B25,"Sicilian Defense: Closed, Botvinnik Defense, with Nge2",r1bqkbnr/pp1ppppp/2n5/2p5/4P3/2N5/PPPP1PPP/R1BQKBNR w KQkq - 2 3,53,39,37
B23,"Sicilian Defense: Closed, Traditional",r1bqkbnr/pp1ppppp/2n5/1Bp5/4P3/2N5/PPPP1PPP/R1BQK1NR b KQkq - 3 3,26,15,19
B23,"Sicilian Defense: Closed, Traditional",r1bqkbnr/pp1ppppp/8/1Bp5/3nP3/2N2N2/PPPP1PPP/R1BQK2R b KQkq - 5 4,13,5,9
B23,"Sicilian Defense: Closed, Traditional",r1bqkbnr/pp1ppppp/8/1Bp5/3nP3/2N5/PPPP1PPP/R1BQK1NR w KQkq - 4 4,20,12,19
B22,"Sicilian Defense: Delayed Alapin Variation",rnbqkbnr/pp3ppp/4p3/2pp4/4P3/2P2N2/PP1P1PPP/RNBQKB1R w KQkq - 0 4,22,16,10
B22,"Sicilian Defense: Delayed Alapin Variation",rnbqkbnr/pp2pppp/8/2pp4/4P3/2P5/PP1P1PPP/RNBQKBNR w KQkq - 0 3,21,33,27
B22,"Sicilian Defense: Delayed Alapin Variation",rnb1kb1r/pp2pppp/5n2/2pq4/3P4/2P2N2/PP3PPP/RNBQKB1R b KQkq - 2 5,3,16,9
B22,"Sicilian Defense: Delayed Alapin Variation",rnb1kb1r/pp2pppp/5n2/2pq4/3P4/2P5/PP3PPP/RNBQKBNR w KQkq - 1 5,3,15,8
B22,"Sicilian Defense: Delayed Alapin Variation",rnbqkbnr/pp2pppp/8/2pP4/8/2P5/PP1P1PPP/RNBQKBNR b KQkq - 0 3,21,33,27
B22,"Sicilian Defense: Delayed Alapin Variation",rnb1kbnr/pp2pppp/8/2pq4/3P4/2P5/PP3PPP/RNBQKBNR b KQkq - 0 4,15,27,18
B22,"Sicilian Defense: Delayed Alapin Variation",rnbqkbnr/pp3ppp/4p3/2pP4/8/2P2N2/PP1P1PPP/RNBQKB1R b KQkq - 0 4,14,11,7
B22,"Sicilian Defense: Delayed Alapin Variation",rnbqkbnr/pp1ppppp/8/2p5/4P3/2P5/PP1P1PPP/RNBQKBNR b KQkq - 0 2,64,92,65
B22,"Sicilian Defense: Delayed Alapin Variation",rnb1kbnr/pp2pppp/8/2pq4/8/2P5/PP1P1PPP/RNBQKBNR w KQkq - 0 4,16,29,20
B22,"Sicilian Defense: Delayed Alapin Variation",rnb1kb1r/pp3ppp/4pn2/2pq4/3P4/2P2N2/PP3PPP/RNBQKB1R w KQkq - 1 6,10,18,12
B50,"Sicilian Defense: Delayed Alapin Variation, with d6",rnbqkbnr/pp2pppp/3p4/2p5/4P3/2P2N2/PP1P1PPP/RNBQKB1R b KQkq - 0 3,19,14,15
B50,"Sicilian Defense: Delayed Alapin Variation, with d6",rnbqkb1r/pp2pppp/3p1n2/2p5/4P3/2P2N2/PP1P1PPP/RNBQKB1R w KQkq - 1 4,15,10,15
B40,"Sicilian Defense: Delayed Alapin Variation, with e6",rnbqkb1r/pp1p1ppp/4p3/2pnP3/3P4/2P2N2/PP3PPP/RNBQKB1R b KQkq - 0 5,13,12,7
B40,"Sicilian Defense: Delayed Alapin Variation, with e6",rnbqkb1r/pp1p1ppp/4pn2/2p5/4P3/2P2N2/PP1P1PPP/RNBQKB1R w KQkq - 1 4,20,19,11
B40,"Sicilian Defense: Delayed Alapin Variation, with e6",rnbqkb1r/pp3ppp/3pp3/3nP3/2BP4/5N2/PP3PPP/RNBQK2R b KQkq - 0 7,8,15,6
B40,"Sicilian Defense: Delayed Alapin Variation, with e6",rnbqkb1r/pp1p1ppp/4p3/2pnP3/8/2P2N2/PP1P1PPP/RNBQKB1R w KQkq - 0 5,20,23,12
B40,"Sicilian Defense: Delayed Alapin Variation, with e6",rnbqkb1r/pp1p1ppp/4pn2/2p1P3/8/2P2N2/PP1P1PPP/RNBQKB1R b KQkq - 0 4,17,17,6
B40,"Sicilian Defense: Delayed Alapin Variation, with e6",rnbqkbnr/pp1p1ppp/4p3/2p5/4P3/2P2N2/PP1P1PPP/RNBQKB1R b KQkq - 0 3,45,38,23
B74,"Sicilian Defense: Dragon Variation, Classical Variation, Normal Line",r1bqkbnr/pp1ppppp/2n5/8/3pP3/5N2/PPP2PPP/RNBQKB1R w KQkq - 0 4,112,193,109
B74,"Sicilian Defense: Dragon Variation, Classical Variation, Normal Line",r1bqkbnr/pp1ppp1p/2n3p1/8/3NP3/2N5/PPP2PPP/R1BQKB1R b KQkq - 2 5,16,28,19
B74,"Sicilian Defense: Dragon Variation, Classical Variation, Normal Line",r1bqkbnr/pp1ppppp/2n5/2p5/3PP3/5N2/PPP2PPP/RNBQKB1R b KQkq - 0 3,112,193,109
B74,"Sicilian Defense: Dragon Variation, Classical Variation, Normal Line",r1bqkbnr/pp1ppppp/2n5/8/3NP3/8/PPP2PPP/RNBQKB1R b KQkq - 0 4,111,189,110
B74,"Sicilian Defense: Dragon Variation, Classical Variation, Normal Line",r1bqkbnr/pp1ppp1p/2n3p1/8/3NP3/8/PPP2PPP/RNBQKB1R w KQkq - 1 5,33,44,16
B74,"Sicilian Defense: Dragon Variation, Classical Variation, Normal Line",r1bqk2r/pp1pppbp/2n2np1/8/3NP3/2N1B3/PPP2PPP/R2QKB1R w KQkq - 5 7,16,27,18
B75,"Sicilian Defense: Dragon Variation, Yugoslav Attack, Early Deviations",rnbqkb1r/pp2pp1p/3p1np1/8/3NP3/2N1B3/PPP2PPP/R2QKB1R b KQkq - 1 6,31,27,9
B75,"Sicilian Defense: Dragon Variation, Yugoslav Attack, Early Deviations",rnbqkb1r/pp2pp1p/3p1np1/8/3NP3/2N5/PPP2PPP/R1BQKB1R w KQkq - 0 6,37,29,11
B75,"Sicilian Defense: Dragon Variation, Yugoslav Attack, Early Deviations",rnbqk2r/pp2ppbp/3p1np1/8/3NP3/2N1BP2/PPP3PP/R2QKB1R b KQkq - 0 7,25,19,6
B75,"Sicilian Defense: Dragon Variation, Yugoslav Attack, Early Deviations",rnbqk2r/pp2ppbp/3p1np1/8/3NP3/2N1B3/PPP2PPP/R2QKB1R w KQkq - 2 7,27,21,6
B76,"Sicilian Defense: Dragon Variation, Yugoslav Attack, Modern Line",r1bq1rk1/pp2ppbp/2np1np1/8/3NP3/2N1BP2/PPPQ2PP/R3KB1R w KQ - 3 9,19,13,3
B40,"Sicilian Defense: Four Knights Variation",r1bqkb1r/pp1p1ppp/2n1pn2/8/3NP3/2N5/PPP2PPP/R1BQKB1R w KQkq - 3 6,64,73,33
B40,"Sicilian Defense: Four Knights Variation",r1bqk2r/pp1p1ppp/2n1pn2/1N6/1b2P3/2N5/PPP2PPP/R1BQKB1R w KQkq - 5 7,10,14,1
B45,"Sicilian Defense: Four Knights Variation",rnbqkbnr/pp1p1ppp/4p3/2p5/4P3/2N5/PPPP1PPP/R1BQKBNR w KQkq - 0 3,15,7,14
B40,"Sicilian Defense: Four Knights Variation",r1bqkb1r/pp1p1ppp/2n1pn2/8/3NP3/P1N5/1PP2PPP/R1BQKB1R b KQkq - 0 6,14,20,7
B45,"Sicilian Defense: Four Knights Variation",r1bqkb1r/pp1p1ppp/2n1pn2/1N6/4P3/2N5/PPP2PPP/R1BQKB1R b KQkq - 4 6,22,28,14
B40,"Sicilian Defense: Four Knights Variation, Exchange Variation",r1bqkb1r/p2p1ppp/2p1p3/3nP3/4N3/8/PPP2PPP/R1BQKB1R b KQkq - 2 8,15,20,7
B40,"Sicilian Defense: Four Knights Variation, Exchange Variation",r1bqkb1r/p2p1ppp/2p1pn2/4P3/8/2N5/PPP2PPP/R1BQKB1R b KQkq - 0 7,15,20,8
B40,"Sicilian Defense: Four Knights Variation, Exchange Variation",r1bqkb1r/pp1p1ppp/2N1pn2/8/4P3/2N5/PPP2PPP/R1BQKB1R b KQkq - 0 6,17,20,8
B40,"Sicilian Defense: Four Knights Variation, Exchange Variation",r1bqkb1r/p2p1ppp/2p1pn2/8/4P3/2N5/PPP2PPP/R1BQKB1R w KQkq - 0 7,16,20,8
B40,"Sicilian Defense: Four Knights Variation, Exchange Variation",r1bqkb1r/p2p1ppp/2p1p3/3nP3/8/2N5/PPP2PPP/R1BQKB1R w KQkq - 1 8,15,20,8
B40,"Sicilian Defense: French Variation",r1bqkbnr/pp1p1ppp/2n1p3/2p5/4P3/5NP1/PPPP1P1P/RNBQKB1R w KQkq - 1 4,9,14,13
B40,"Sicilian Defense: French Variation",rnbqkbnr/pp1p1ppp/4p3/2p5/4P3/5NP1/PPPP1P1P/RNBQKB1R b KQkq - 0 3,12,20,15
B40,"Sicilian Defense: French Variation",rnbqkbnr/pp1p1ppp/4p3/2p5/4P3/5N2/PPPP1PPP/RNBQKB1R w KQkq - 0 3,361,384,214
B40,"Sicilian Defense: French Variation",r1bqkb1r/pp1p1ppp/2n1pn2/2p5/4P3/5NP1/PPPP1PBP/RNBQK2R w KQkq - 3 5,7,14,13
B40,"Sicilian Defense: French Variation",r1bqkbnr/pp1p1ppp/2n1p3/2p5/4P3/5NP1/PPPP1PBP/RNBQK2R b KQkq - 2 4,9,14,13
B40,"Sicilian Defense: French Variation",rnbqkbnr/pp1p1ppp/4p3/2p5/4P3/3P1N2/PPP2PPP/RNBQKB1R b KQkq - 0 3,11,10,6
B40,"Sicilian Defense: French Variation, Westerinen Attack",rnbqkbnr/pp1p1ppp/4p3/2p5/4P3/1P3N2/P1PP1PPP/RNBQKB1R b KQkq - 0 3,14,10,9
B32,"Sicilian Defense: Godiva Variation",r1b1kbnr/pp1ppppp/1qn5/8/3NP3/8/PPP2PPP/RNBQKB1R w KQkq - 1 5,12,10,10
B32,"Sicilian Defense: Godiva Variation",r1b1kbnr/pp1ppppp/1qn5/8/4P3/1N6/PPP2PPP/RNBQKB1R b KQkq - 2 5,11,10,10
B27,"Sicilian Defense: Hyperaccelerated Dragon",rnbqkbnr/pp1ppp1p/6p1/2p5/4P3/2P2N2/PP1P1PPP/RNBQKB1R b KQkq - 0 3,15,10,8
B27,"Sicilian Defense: Hyperaccelerated Pterodactyl",rnbqk1nr/pp1pppbp/6p1/2p5/3PP3/5N2/PPP2PPP/RNBQKB1R w KQkq - 0 4,20,17,3
B32,"Sicilian Defense: Kalashnikov Variation",r1bqkbnr/pp3ppp/2np4/1N2p3/4P3/2N5/PPP2PPP/R1BQKB1R b KQkq - 1 6,5,11,10
B32,"Sicilian Defense: Kalashnikov Variation",r1bqkbnr/pp1p1ppp/2n5/1N2p3/4P3/8/PPP2PPP/RNBQKB1R b KQkq - 1 5,13,33,20
B32,"Sicilian Defense: Kalashnikov Variation",r1bqkbnr/1p3ppp/p1np4/4p3/4P3/N1N5/PPP2PPP/R1BQKB1R b KQkq - 1 7,5,11,10
B32,"Sicilian Defense: Kalashnikov Variation",r1bqkbnr/pp3ppp/2np4/1N2p3/4P3/8/PPP2PPP/RNBQKB1R w KQkq - 0 6,9,30,18
B32,"Sicilian Defense: Kalashnikov Variation",r1bqkbnr/pp1p1ppp/2n5/4p3/3NP3/8/PPP2PPP/RNBQKB1R w KQkq - 0 5,15,36,21
B32,"Sicilian Defense: Kalashnikov Variation",r1bqkbnr/1p3ppp/p1np4/1N2p3/4P3/2N5/PPP2PPP/R1BQKB1R w KQkq - 0 7,5,11,10
B32,"Sicilian Defense: Kalashnikov Variation",r1bqkbnr/pp3ppp/2np4/1N2p3/2P1P3/8/PP3PPP/RNBQKB1R b KQkq - 0 6,4,18,8
B41,"Sicilian Defense: Kan Variation, Maróczy Bind, Réti Variation",rnbqkb1r/1p1p1ppp/p3pn2/8/2PNP3/8/PP3PPP/RNBQKB1R w KQkq - 1 6,8,20,11
B41,"Sicilian Defense: Kan Variation, Maróczy Bind, Réti Variation",rnb1kb1r/1pqp1ppp/p3pn2/8/2PNP3/2N5/PP3PPP/R1BQKB1R w KQkq - 3 7,6,11,8
B41,"Sicilian Defense: Kan Variation, Maróczy Bind, Réti Variation",rnbqkbnr/1p1p1ppp/p3p3/8/2PNP3/8/PP3PPP/RNBQKB1R b KQkq - 0 5,11,24,12
B41,"Sicilian Defense: Kan Variation, Maróczy Bind, Réti Variation",rnbqkbnr/1p1p1ppp/p3p3/8/3NP3/8/PPP2PPP/RNBQKB1R w KQkq - 0 5,83,93,46
B41,"Sicilian Defense: Kan Variation, Maróczy Bind, Réti Variation",rnbqkb1r/1p1p1ppp/p3pn2/8/2PNP3/2N5/PP3PPP/R1BQKB1R b KQkq - 2 6,8,19,10
B42,"Sicilian Defense: Kan Variation, Modern Variation",rnbqkb1r/1p1p1ppp/p3pn2/8/3NP3/3B4/PPP2PPP/RNBQ1RK1 b kq - 3 6,7,16,2
B42,"Sicilian Defense: Kan Variation, Modern Variation",rnbqkbnr/1p1p1ppp/p3p3/8/3NP3/3B4/PPP2PPP/RNBQK2R b KQkq - 1 5,47,44,24
B42,"Sicilian Defense: Kan Variation, Modern Variation",rnbqkb1r/1p1p1ppp/p3pn2/8/3NP3/3B4/PPP2PPP/RNBQK2R w KQkq - 2 6,7,17,2
B42,"Sicilian Defense: Kan Variation, Polugaevsky Variation",rnbqk1nr/1p1p1ppp/p3p3/2b5/3NP3/3B4/PPP2PPP/RNBQK2R w KQkq - 2 6,25,10,14
B42,"Sicilian Defense: Kan Variation, Polugaevsky Variation",rnbqk1nr/1p1p1ppp/p3p3/2b5/4P3/1N1B4/PPP2PPP/RNBQK2R b KQkq - 3 6,25,9,14
B42,"Sicilian Defense: Kan Variation, Polugaevsky Variation",rnbqk1nr/bp1p1ppp/p3p3/8/4P3/1N1B4/PPP2PPP/RNBQK2R w KQkq - 4 7,19,4,14
B40,"Sicilian Defense: Kan Variation, Wing Attack, Fianchetto Variation",rnbqkbnr/3p1ppp/p3p3/1p6/3NP3/2N5/PPP2PPP/R1BQKB1R w KQkq - 0 6,12,17,5
B40,"Sicilian Defense: Kan Variation, Wing Attack, Fianchetto Variation",rnbqkbnr/1p1p1ppp/p3p3/8/3NP3/2N5/PPP2PPP/R1BQKB1R b KQkq - 1 5,17,20,10
B40,"Sicilian Defense: Kan Variation, Wing Attack, Fianchetto Variation",rnbqkbnr/1p1p1ppp/p3p3/2p5/4P3/2N2N2/PPPP1PPP/R1BQKB1R w KQkq - 0 4,7,8,10
B40,"Sicilian Defense: Kan Variation, Wing Attack, Fianchetto Variation",rnbqkbnr/pp1p1ppp/4p3/2p5/4P3/2N2N2/PPPP1PPP/R1BQKB1R b KQkq - 1 3,17,15,18
B33,"Sicilian Defense: Lasker-Pelikan Variation",r1bqkb1r/pp3ppp/2np4/1N1Pp3/8/8/PPP2PPP/R1BQKB1R b KQkq - 0 8,9,13,14
B33,"Sicilian Defense: Lasker-Pelikan Variation",r1bqkb1r/pp3ppp/2np1n2/1N1Np3/4P3/8/PPP2PPP/R1BQKB1R b KQkq - 1 7,9,13,14
B33,"Sicilian Defense: Lasker-Pelikan Variation",r1bqkb1r/pp3ppp/2np4/1N1np3/4P3/8/PPP2PPP/R1BQKB1R w KQkq - 0 8,9,13,14
B33,"Sicilian Defense: Lasker-Pelikan Variation, Sveshnikov Variation",r1bqkb1r/pp3ppp/2np1n2/1N2p3/4P3/2N5/PPP2PPP/R1BQKB1R w KQkq - 0 7,21,46,33
B33,"Sicilian Defense: Lasker-Pelikan Variation, Sveshnikov Variation",r1bqkb1r/pp1p1ppp/2n2n2/4p3/3NP3/2N5/PPP2PPP/R1BQKB1R w KQkq - 0 6,26,47,34
B33,"Sicilian Defense: Lasker-Pelikan Variation, Sveshnikov Variation",r1bqkb1r/pp1p1ppp/2n2n2/1N2p3/4P3/2N5/PPP2PPP/R1BQKB1R b KQkq - 1 6,26,46,33
B33,"Sicilian Defense: Lasker-Pelikan Variation, Sveshnikov Variation, Chelyabinsk Variation",r1bqkb1r/5ppp/p1np1n2/1p1Np1B1/4P3/N7/PPP2PPP/R2QKB1R b KQkq - 1 9,10,38,13
B33,"Sicilian Defense: Lasker-Pelikan Variation, Sveshnikov Variation, Chelyabinsk Variation",r1bqkb1r/pp3ppp/2np1n2/1N2p1B1/4P3/2N5/PPP2PPP/R2QKB1R b KQkq - 1 8,15,44,25
B33,"Sicilian Defense: Lasker-Pelikan Variation, Sveshnikov Variation, Chelyabinsk Variation",r1bqkb1r/5ppp/p1np1n2/1p2p1B1/4P3/N1N5/PPP2PPP/R2QKB1R w KQkq - 0 10,15,40,25
B33,"Sicilian Defense: Lasker-Pelikan Variation, Sveshnikov Variation, Chelyabinsk Variation",r1bqk2r/4bppp/p1np1n2/1p1Np1B1/4P3/N7/PPP2PPP/R2QKB1R w KQkq - 2 10,10,21,13
B33,"Sicilian Defense: Lasker-Pelikan Variation, Sveshnikov Variation, Chelyabinsk Variation",r1bqk2r/4bppp/p1np1B2/1p1Np3/4P3/N7/PPP2PPP/R2QKB1R b KQkq - 0 10,10,21,13
B33,"Sicilian Defense: Lasker-Pelikan Variation, Sveshnikov Variation, Chelyabinsk Variation",r1bqkb1r/1p3ppp/p1np1n2/1N2p1B1/4P3/2N5/PPP2PPP/R2QKB1R w KQkq - 0 9,15,44,25
B33,"Sicilian Defense: Lasker-Pelikan Variation, Sveshnikov Variation, Chelyabinsk Variation",r1bqk2r/5ppp/p1np1b2/1p1Np3/4P3/N7/PPP2PPP/R2QKB1R w KQkq - 0 11,10,21,13
B33,"Sicilian Defense: Lasker-Pelikan Variation, Sveshnikov Variation, Chelyabinsk Variation",r1bqkb1r/1p3ppp/p1np1n2/4p1B1/4P3/N1N5/PPP2PPP/R2QKB1R b KQkq - 1 9,15,43,25
B50,"Sicilian Defense: Modern Variations",rnbqkbnr/pp2pppp/3p4/2p5/4P3/5N2/PPPP1PPP/RNBQKB1R w KQkq - 0 3,715,779,516
B50,"Sicilian Defense: Modern Variations",rnbqkb1r/pp2pppp/3p1n2/8/3QP3/2N2N2/PPP2PPP/R1B1KB1R b KQkq - 0 5,11,9,5
B50,"Sicilian Defense: Modern Variations",rnbqkb1r/pp2pppp/3p1n2/8/3pP3/2N2N2/PPP2PPP/R1BQKB1R w KQkq - 0 5,17,19,14
B50,"Sicilian Defense: Modern Variations",rnbqkb1r/pp2pppp/3p1n2/2p5/4P3/2N2N2/PPPP1PPP/R1BQKB1R w KQkq - 2 4,26,20,15
B50,"Sicilian Defense: Modern Variations",rnbqkb1r/pp2pppp/3p1n2/2p5/3PP3/2N2N2/PPP2PPP/R1BQKB1R b KQkq - 0 4,17,19,15
B50,"Sicilian Defense: Modern Variations",rnbqkbnr/pp2pppp/3p4/2p5/4P3/2N2N2/PPPP1PPP/R1BQKB1R b KQkq - 1 3,37,25,25
B51,"Sicilian Defense: Moscow Variation",r1bqkb1r/pp1npppp/3p1n2/1Bp5/P3P3/5N2/1PPP1PPP/RNBQK2R w KQkq - 1 5,10,12,7
B51,"Sicilian Defense: Moscow Variation",r1bqkbnr/pp1npppp/3p4/1Bp5/4P3/5N2/PPPP1PPP/RNBQK2R w KQkq - 2 4,60,85,63
B51,"Sicilian Defense: Moscow Variation",r1bqkb1r/pp1npppp/3p1n2/1Bp5/P3P3/2N2N2/1PPP1PPP/R1BQK2R b KQkq - 2 5,10,12,7
B51,"Sicilian Defense: Moscow Variation",rnbqkbnr/pp2pppp/3p4/1Bp5/4P3/5N2/PPPP1PPP/RNBQK2R b KQkq - 1 3,95,150,93
B51,"Sicilian Defense: Moscow Variation",r1bqkb1r/pp1npppp/3p1n2/2p5/B3P3/5N2/PPPP1PPP/RNBQ1RK1 b kq - 5 5,13,11,5
B51,"Sicilian Defense: Moscow Variation",r1bqkbnr/1p1npppp/p2p4/2p5/4P3/3B1N2/PPPP1PPP/RNBQ1RK1 b kq - 1 5,5,11,12
B51,"Sicilian Defense: Moscow Variation",r1bqkbnr/pp1npppp/3p4/2p5/B3P3/5N2/PPPP1PPP/RNBQK2R b KQkq - 3 4,15,13,5
B51,"Sicilian Defense: Moscow Variation",r2qkb1r/pp1bpppp/2np1n2/1Bp5/4P3/5N2/PPPP1PPP/RNBQR1K1 w kq - 6 6,7,14,10
B51,"Sicilian Defense: Moscow Variation",r1bqkb1r/pp1npppp/3p1n2/2p5/B3P3/5N2/PPPP1PPP/RNBQK2R w KQkq - 4 5,13,11,5
B51,"Sicilian Defense: Moscow Variation",r2qkbnr/pp1bpppp/2np4/1Bp5/4P3/5N2/PPPP1PPP/RNBQ1RK1 w kq - 4 5,25,27,19
B51,"Sicilian Defense: Moscow Variation",r1bqkbnr/pp1npppp/3p4/1Bp5/P3P3/5N2/1PPP1PPP/RNBQK2R b KQkq - 0 4,10,14,7
B51,"Sicilian Defense: Moscow Variation",r1bqkbnr/pp1npppp/3p4/1B6/3pP3/5N2/PPP2PPP/RNBQK2R w KQkq - 0 5,12,16,10
B51,"Sicilian Defense: Moscow Variation",r1bqkbnr/pp2pppp/2np4/1Bp5/4P3/5N2/PPPP1PPP/RNBQ1RK1 b kq - 3 4,27,29,22
B51,"Sicilian Defense: Moscow Variation",rnbqkbnr/pp1ppppp/8/2p5/4P3/8/PPPP1PPP/RNBQKBNR w KQkq - 0 2,1716,1903,1223
B51,"Sicilian Defense: Moscow Variation",r1bqkbnr/pp1npppp/3p4/1Bp5/4P3/5N2/PPPP1PPP/RNBQ1RK1 b kq - 3 4,14,27,30
B51,"Sicilian Defense: Moscow Variation",r2qkbnr/pp1bpppp/2np4/1Bp5/4P3/5N2/PPPP1PPP/RNBQR1K1 b kq - 5 5,19,26,17
B51,"Sicilian Defense: Moscow Variation",r1bqkbnr/pp1npppp/3p4/1Bp5/3PP3/5N2/PPP2PPP/RNBQK2R b KQkq - 0 4,15,19,12
B51,"Sicilian Defense: Moscow Variation",r2qkbnr/1p1bpppp/p1np4/1Bp5/4P3/5N2/PPPP1PPP/RNBQR1K1 w kq - 0 6,11,12,8
B51,"Sicilian Defense: Moscow Variation",r1bqkbnr/1p1npppp/p2p4/1Bp5/4P3/5N2/PPPP1PPP/RNBQ1RK1 w kq - 0 5,14,24,28
B52,"Sicilian Defense: Moscow Variation, Main Line",rn1qkbnr/pp1bpppp/3p4/1Bp5/4P3/5N2/PPPP1PPP/RNBQK2R w KQkq - 2 4,30,59,21
B52,"Sicilian Defense: Moscow Variation, Main Line",rn2kbnr/pp1qpppp/3p4/2p5/4P3/5N2/PPPP1PPP/RNBQK2R w KQkq - 0 5,8,28,9
B52,"Sicilian Defense: Moscow Variation, Main Line",r2qkbnr/pp1npppp/3p4/2p5/4P3/5N2/PPPP1PPP/RNBQ1RK1 b kq - 1 5,11,12,4
B52,"Sicilian Defense: Moscow Variation, Main Line",rn1qkbnr/pp1Bpppp/3p4/2p5/4P3/5N2/PPPP1PPP/RNBQK2R b KQkq - 0 4,21,42,16
B52,"Sicilian Defense: Moscow Variation, Main Line",r2qkbnr/pp1npppp/3p4/2p5/4P3/5N2/PPPP1PPP/RNBQK2R w KQkq - 0 5,13,14,7
B94,"Sicilian Defense: Najdorf Variation",rnbqkb1r/1p2pppp/p2p1n2/6B1/3NP3/2N5/PPP2PPP/R2QKB1R b KQkq - 1 6,65,86,44
B90,"Sicilian Defense: Najdorf Variation",rnbqkb1r/1p2pppp/p2p1n2/8/3NP3/2N2P2/PPP3PP/R1BQKB1R b KQkq - 0 6,21,24,17
B90,"Sicilian Defense: Najdorf Variation",rnbqkbnr/pp2pppp/3p4/8/3NP3/8/PPP2PPP/RNBQKB1R b KQkq - 0 4,529,553,354
B90,"Sicilian Defense: Najdorf Variation",rnbqkbnr/pp2pppp/3p4/8/3pP3/5N2/PPP2PPP/RNBQKB1R w KQkq - 0 4,548,576,370
B90,"Sicilian Defense: Najdorf Variation",rn1qkb1r/1p3pp1/p2pbn2/4p2p/4P3/1NN1BP2/PPP3PP/R2QKB1R w KQkq - 0 9,14,13,12
B94,"Sicilian Defense: Najdorf Variation",r1b1kb1r/1p1npppp/pq1p1n2/6B1/2BNP3/2N5/PPP2PPP/R2QK2R w KQkq - 4 8,13,16,8
B90,"Sicilian Defense: Najdorf Variation",rnbqkbnr/pp2pppp/3p4/2p5/3PP3/5N2/PPP2PPP/RNBQKB1R b KQkq - 0 3,553,585,379
B90,"Sicilian Defense: Najdorf Variation",rnbqkb1r/pp2pppp/3p1n2/8/3NP3/2N5/PPP2PPP/R1BQKB1R b KQkq - 2 5,515,539,349
B90,"Sicilian Defense: Najdorf Variation",rn1qkb1r/1p3ppp/p2pbn2/4p3/4P3/1NN1BP2/PPP3PP/R2QKB1R b KQkq - 3 8,28,29,20
B90,"Sicilian Defense: Najdorf Variation",rnbqkb1r/1p3ppp/p2p1n2/4p3/4P3/1NN2P2/PPP3PP/R1BQKB1R b KQkq - 1 7,16,18,14
B90,"Sicilian Defense: Najdorf Variation",rnbqkb1r/pp2pppp/3p1n2/8/3NP3/8/PPP2PPP/RNBQKB1R w KQkq - 1 5,527,549,354
B94,"Sicilian Defense: Najdorf Variation",r1b1kb1r/1p1n1ppp/pq1ppn2/6B1/3NP3/1BN5/PPP2PPP/R2QK2R w KQkq - 0 9,12,14,8
B90,"Sicilian Defense: Najdorf Variation",r2qkb1r/1p1n1pp1/p2p1n2/3Pp2p/8/1N2BP2/PPPQ2PP/R3KB1R b KQkq - 2 11,9,11,8
B94,"Sicilian Defense: Najdorf Variation",r1bqkb1r/1p1npppp/p2p1n2/6B1/2BNP3/2N5/PPP2PPP/R2QK2R b KQkq - 3 7,15,19,8
B90,"Sicilian Defense: Najdorf Variation",rnbqkb1r/1p3ppp/p2p1n2/4p3/3NP3/2N2P2/PPP3PP/R1BQKB1R w KQkq - 0 7,16,18,14
B90,"Sicilian Defense: Najdorf Variation",rn1qkb1r/1p3ppp/p2pbn2/4p3/4P3/1NN2P2/PPP3PP/R1BQKB1R w KQkq - 2 8,15,16,9
B90,"Sicilian Defense: Najdorf Variation",rnbqkb1r/1p2pppp/p2p1n2/8/3NP3/2N5/PPP2PPP/R1BQKB1R w KQkq - 0 6,365,403,290
B94,"Sicilian Defense: Najdorf Variation",r1bqkb1r/1p1npppp/p2p1n2/6B1/3NP3/2N5/PPP2PPP/R2QKB1R w KQkq - 2 7,27,35,20
B90,"Sicilian Defense: Najdorf Variation",rnbqkb1r/1p2pppp/p2p1n2/8/3NP3/2NB4/PPP2PPP/R1BQK2R b KQkq - 1 6,17,20,9
B90,"Sicilian Defense: Najdorf Variation",rnbqkb1r/1p2pppp/p2p1n2/8/4P3/1NN5/PPP2PPP/R1BQKB1R b KQkq - 1 6,10,4,14
B94,"Sicilian Defense: Najdorf Variation",r1b1kb1r/1p1npppp/pq1p1n2/6B1/3NP3/1BN5/PPP2PPP/R2QK2R b KQkq - 5 8,12,14,8
B90,"Sicilian Defense: Najdorf Variation, Adams Attack",rnbqk2r/1p2bppp/p2p1n2/4p3/4P3/1NN4P/PPP2PP1/R1BQKB1R w KQkq - 2 8,12,7,6
B90,"Sicilian Defense: Najdorf Variation, Adams Attack",rnbqkb1r/1p3ppp/p2ppn2/8/3NP3/2N4P/PPP2PP1/R1BQKB1R w KQkq - 0 7,13,5,21
B90,"Sicilian Defense: Najdorf Variation, Adams Attack",rnbqkb1r/1p2pppp/p2p1n2/8/3NP3/2N4P/PPP2PP1/R1BQKB1R b KQkq - 0 6,46,42,48
B90,"Sicilian Defense: Najdorf Variation, Adams Attack",rnbqkb1r/1p3ppp/p2ppn2/8/3NP1P1/2N4P/PPP2P2/R1BQKB1R b KQkq - 0 7,13,4,21
B90,"Sicilian Defense: Najdorf Variation, Adams Attack",rnbqkb1r/1p3ppp/p2p1n2/4p3/3NP3/2N4P/PPP2PP1/R1BQKB1R w KQkq - 0 7,32,25,24
B90,"Sicilian Defense: Najdorf Variation, Adams Attack",rnbqkb1r/1p3ppp/p2p1n2/4p3/4P3/1NN4P/PPP2PP1/R1BQKB1R b KQkq - 1 7,20,12,10
B93,"Sicilian Defense: Najdorf Variation, Amsterdam Variation",rnbqkb1r/1p3ppp/p2p1n2/4p3/3NPP2/2N5/PPP3PP/R1BQKB1R w KQkq - 0 7,10,9,7
B93,"Sicilian Defense: Najdorf Variation, Amsterdam Variation",rnbqkb1r/1p2pppp/p2p1n2/8/3NPP2/2N5/PPP3PP/R1BQKB1R b KQkq - 0 6,14,9,7
B90,"Sicilian Defense: Najdorf Variation, English Attack",rn1qk2r/1p2bpp1/p2pbn2/4p2p/4P3/1NN1BP2/PPPQ2PP/R3KB1R w KQkq - 0 10,12,10,11
B90,"Sicilian Defense: Najdorf Variation, English Attack",rnbqkb1r/1p2pppp/p2p1n2/8/3NP3/2N1B3/PPP2PPP/R2QKB1R b KQkq - 1 6,84,93,64
B90,"Sicilian Defense: Najdorf Variation, English Attack",rnbqk2r/1p2bppp/p2p1n2/4p3/4P3/1NN1BP2/PPP3PP/R2QKB1R b KQkq - 0 8,14,5,11
B90,"Sicilian Defense: Najdorf Variation, English Attack",rn1qkb1r/1p3ppp/p2pbn2/4p3/4P3/1NN1B3/PPP2PPP/R2QKB1R w KQkq - 2 8,25,23,18
B90,"Sicilian Defense: Najdorf Variation, English Attack",rn1qk2r/1p2bppp/p2pbn2/4p3/4P3/1NN1BP2/PPPQ2PP/R3KB1R b KQkq - 0 9,25,20,14
B90,"Sicilian Defense: Najdorf Variation, English Attack",rnbqk2r/1p2bppp/p2p1n2/4p3/4P3/2N1BN2/PPP2PPP/R2QKB1R w KQkq - 2 8,13,17,12
B90,"Sicilian Defense: Najdorf Variation, English Attack",rnbqk2r/1p2bppp/p2p1n2/4p3/4P3/1NN1B3/PPP2PPP/R2QKB1R w KQkq - 2 8,19,6,10
B90,"Sicilian Defense: Najdorf Variation, English Attack",rnbqk2r/1p2bppp/p2p1n2/4p3/2B1P3/2N1BN2/PPP2PPP/R2QK2R b KQkq - 3 8,7,15,8
B90,"Sicilian Defense: Najdorf Variation, English Attack",rnbqkb1r/1p3ppp/p2p1n2/4p3/4P3/1NN1B3/PPP2PPP/R2QKB1R b KQkq - 1 7,44,29,28
B90,"Sicilian Defense: Najdorf Variation, English Attack",rnbqkb1r/1p3ppp/p2p1n2/4p3/4P3/2N1BN2/PPP2PPP/R2QKB1R b KQkq - 1 7,15,23,16
B90,"Sicilian Defense: Najdorf Variation, English Attack",rn1qk2r/1p2bppp/p2pbn2/4p3/4P3/1NN1BP2/PPP3PP/R2QKB1R w KQkq - 1 9,25,19,14
B90,"Sicilian Defense: Najdorf Variation, English Attack",rnbqkb1r/1p3ppp/p2p1n2/4p3/3NP3/2N1B3/PPP2PPP/R2QKB1R w KQkq - 0 7,59,53,44
B90,"Sicilian Defense: Najdorf Variation, English Attack, Anti-English",rnbqkb1r/1p2pppp/p2p4/8/3NP1n1/2N1B3/PPP2PPP/R2QKB1R w KQkq - 2 7,4,19,10
B90,"Sicilian Defense: Najdorf Variation, Freak Attack",rnbqkb1r/1p2pppp/p2p1n2/8/3NP3/2N5/PPP2PPP/R1BQKBR1 b Qkq - 1 6,9,10,12
B98,"Sicilian Defense: Najdorf Variation, Goteborg Variation",rnbqkb1r/1p3ppp/p2ppn2/6B1/3NPP2/2N5/PPP3PP/R2QKB1R b KQkq - 0 7,25,34,17
B98,"Sicilian Defense: Najdorf Variation, Goteborg Variation",rnbqkb1r/1p3ppp/p2ppn2/6B1/3NP3/2N5/PPP2PPP/R2QKB1R w KQkq - 0 7,38,49,24
B90,"Sicilian Defense: Najdorf Variation, Lipnitsky Attack",rnbqkb1r/1p2pppp/p2p1n2/8/2BNP3/2N5/PPP2PPP/R1BQK2R b KQkq - 1 6,17,14,15
B90,"Sicilian Defense: Najdorf Variation, Lipnitsky Attack",rnbqkb1r/1p3ppp/p2ppn2/8/2BNP3/2N5/PPP2PPP/R1BQK2R w KQkq - 0 7,18,12,15
B92,"Sicilian Defense: Najdorf Variation, Opocensky Variation",r2qk2r/1p1nbppp/p2pbn2/3Np3/4P3/1N1QB3/PPP1BPPP/R3K2R b KQkq - 7 10,9,9,7
B92,"Sicilian Defense: Najdorf Variation, Opocensky Variation",rnbqk2r/1p2bppp/p2p1n2/4p3/4P3/1NN1B3/PPP1BPPP/R2QK2R b KQkq - 3 8,13,15,13
B92,"Sicilian Defense: Najdorf Variation, Opocensky Variation",rn1qk2r/1p2bppp/p2pbn2/4p3/4P3/1NN1B3/PPP1BPPP/R2QK2R w KQkq - 4 9,12,13,14
B92,"Sicilian Defense: Najdorf Variation, Opocensky Variation",rn1qk2r/1p2bppp/p2pbn2/3Np3/4P3/1N2B3/PPP1BPPP/R2QK2R b KQkq - 5 9,9,10,8
B92,"Sicilian Defense: Najdorf Variation, Opocensky Variation, Traditional Line",rnbqkb1r/1p2pppp/p2p1n2/8/3NP3/2N5/PPP1BPPP/R1BQK2R b KQkq - 1 6,50,55,43
B92,"Sicilian Defense: Najdorf Variation, Opocensky Variation, Traditional Line",rnbqk2r/1p2bppp/p2p1n2/4p3/4P3/1NN5/PPP1BPPP/R1BQK2R w KQkq - 2 8,31,39,31
B92,"Sicilian Defense: Najdorf Variation, Opocensky Variation, Traditional Line",rnbqk2r/1p2bppp/p2p1n2/4p3/4P3/1NN5/PPP1BPPP/R1BQ1RK1 b kq - 3 8,8,13,11
B92,"Sicilian Defense: Najdorf Variation, Opocensky Variation, Traditional Line",rnbqkb1r/1p3ppp/p2p1n2/4p3/4P3/1NN5/PPP1BPPP/R1BQK2R b KQkq - 1 7,36,44,36
B92,"Sicilian Defense: Najdorf Variation, Opocensky Variation, Traditional Line",rnbqkb1r/1p3ppp/p2p1n2/4p3/3NP3/2N5/PPP1BPPP/R1BQK2R w KQkq - 0 7,39,45,37
B92,"Sicilian Defense: Najdorf Variation, Opocensky Variation, Traditional Line",rnbq1rk1/1p2bppp/p2p1n2/4p3/4P3/1NN5/PPP1BPPP/R1BQ1RK1 w - - 4 9,7,12,11
B91,"Sicilian Defense: Najdorf Variation, Zagreb Variation",rnbqkb1r/1p2pppp/p2p1n2/8/3NP3/2N3P1/PPP2P1P/R1BQKB1R b KQkq - 0 6,14,20,6
B91,"Sicilian Defense: Najdorf Variation, Zagreb Variation",rnbqkb1r/1p3ppp/p2p1n2/4p3/3NP3/2N3P1/PPP2P1P/R1BQKB1R w KQkq - 0 7,11,13,5
B29,"Sicilian Defense: Nimzowitsch Variation, Advance Variation",rnbqkb1r/pp1ppppp/5n2/2p1P3/8/5N2/PPPP1PPP/RNBQKB1R b KQkq - 0 3,12,9,5
B29,"Sicilian Defense: Nimzowitsch Variation, Advance Variation",rnbqkb1r/pp1ppppp/8/2pnP3/8/5N2/PPPP1PPP/RNBQKB1R w KQkq - 1 4,12,9,5
B29,"Sicilian Defense: Nimzowitsch Variation, Advance Variation",rnbqkb1r/pp1ppppp/5n2/2p5/4P3/5N2/PPPP1PPP/RNBQKB1R w KQkq - 2 3,16,14,8
B30,"Sicilian Defense: Nyezhmetdinov-Rossolimo Attack",r1bqkb1r/pp2pppp/2p2n2/2p5/4P3/3P1N2/PPP2PPP/RNBQK2R b KQkq - 0 5,14,11,7
B30,"Sicilian Defense: Nyezhmetdinov-Rossolimo Attack",r1bqk1nr/pp1p1ppp/2nb4/1Bp1p3/4P3/5N2/PPPP1PPP/RNBQ1RK1 w kq - 2 5,12,13,1
B30,"Sicilian Defense: Nyezhmetdinov-Rossolimo Attack",r1bqkbnr/pp1p1ppp/2n1p3/1Bp5/4P3/5N2/PPPP1PPP/RNBQK2R w KQkq - 0 4,52,63,36
B30,"Sicilian Defense: Nyezhmetdinov-Rossolimo Attack",r2qkb1r/1p1bpppp/p1np1n2/1Bp5/4P3/2P2N2/PP1P1PPP/RNBQR1K1 w kq - 0 7,8,13,9
B30,"Sicilian Defense: Nyezhmetdinov-Rossolimo Attack",r1bqkbnr/pp1ppppp/2n5/1Bp5/4P3/5N2/PPPP1PPP/RNBQK2R b KQkq - 3 3,194,208,114
B30,"Sicilian Defense: Nyezhmetdinov-Rossolimo Attack",r1bqkbnr/pp1p1ppp/2B1p3/2p5/4P3/5N2/PPPP1PPP/RNBQK2R b KQkq - 0 4,21,17,13
B30,"Sicilian Defense: Nyezhmetdinov-Rossolimo Attack",r1bqkb1r/pp1ppppp/2B2n2/2p5/4P3/5N2/PPPP1PPP/RNBQK2R b KQkq - 0 4,14,11,7
B30,"Sicilian Defense: Nyezhmetdinov-Rossolimo Attack",r1bqkbnr/p2p1ppp/2p1p3/2p5/4P3/5N2/PPPP1PPP/RNBQK2R w KQkq - 0 5,21,17,13
B30,"Sicilian Defense: Nyezhmetdinov-Rossolimo Attack",r1bqkbnr/pp1p1ppp/2n5/1Bp1p3/4P3/5N2/PPPP1PPP/RNBQK2R w KQkq - 0 4,13,19,2
B30,"Sicilian Defense: Nyezhmetdinov-Rossolimo Attack",r1bqkb1r/pp1ppppp/2n2n2/1Bp5/4P3/5N2/PPPP1PPP/RNBQK2R w KQkq - 4 4,25,23,22
B30,"Sicilian Defense: Nyezhmetdinov-Rossolimo Attack",r2qkb1r/pp1bpppp/2np1n2/1Bp5/4P3/2P2N2/PP1P1PPP/RNBQR1K1 b kq - 0 6,8,13,10
B30,"Sicilian Defense: Nyezhmetdinov-Rossolimo Attack",r1bqkbnr/pp2pppp/2np4/1Bp5/4P3/5N2/PPPP1PPP/RNBQK2R w KQkq - 2 4,29,32,25
B30,"Sicilian Defense: Nyezhmetdinov-Rossolimo Attack",r1bqkbnr/pp1p1ppp/2n5/1Bp1p3/4P3/5N2/PPPP1PPP/RNBQ1RK1 b kq - 1 4,13,19,1
B30,"Sicilian Defense: Nyezhmetdinov-Rossolimo Attack",r1bqkb1r/pp1pnppp/2n1p3/1Bp5/4P3/5N2/PPPP1PPP/RNBQR1K1 b kq - 3 5,17,28,10
B30,"Sicilian Defense: Nyezhmetdinov-Rossolimo Attack",r1bqkbnr/pp1ppppp/2n5/2p5/4P3/5N2/PPPP1PPP/RNBQKB1R w KQkq - 2 3,358,450,254
B30,"Sicilian Defense: Nyezhmetdinov-Rossolimo Attack",r1bqkb1r/pp1pnppp/2n1p3/1Bp5/4P3/5N2/PPPP1PPP/RNBQ1RK1 w kq - 2 5,27,41,21
B30,"Sicilian Defense: Nyezhmetdinov-Rossolimo Attack",r1bqkb1r/pp1ppppp/2n2n2/1Bp5/4P3/2N2N2/PPPP1PPP/R1BQK2R b KQkq - 5 4,15,20,13
B30,"Sicilian Defense: Nyezhmetdinov-Rossolimo Attack",r1bqkbnr/pp1p1ppp/2n1p3/1Bp5/4P3/5N2/PPPP1PPP/RNBQ1RK1 b kq - 1 4,29,43,21
B30,"Sicilian Defense: Nyezhmetdinov-Rossolimo Attack",r1bqkb1r/pp2pppp/2p2n2/2p5/4P3/5N2/PPPP1PPP/RNBQK2R w KQkq - 0 5,14,11,7
B30,"Sicilian Defense: Nyezhmetdinov-Rossolimo Attack",rnbqkbnr/pp1ppppp/8/2p5/4P3/5N2/PPPP1PPP/RNBQKB1R b KQkq - 1 2,1523,1691,1040
B30,"Sicilian Defense: Nyezhmetdinov-Rossolimo Attack",r1bqkbnr/p2p1ppp/2p1p3/2p5/4P3/3P1N2/PPP2PPP/RNBQK2R b KQkq - 0 5,14,9,10
B31,"Sicilian Defense: Nyezhmetdinov-Rossolimo Attack, Fianchetto Variation",r1bqkbnr/pp1ppp1p/2B3p1/2p5/4P3/5N2/PPPP1PPP/RNBQK2R b KQkq - 0 4,21,15,17
B31,"Sicilian Defense: Nyezhmetdinov-Rossolimo Attack, Fianchetto Variation",r1bqk1nr/pp1pppbp/2n3p1/1Bp5/4P3/5N2/PPPP1PPP/RNBQ1RK1 w kq - 2 5,44,43,17
B31,"Sicilian Defense: Nyezhmetdinov-Rossolimo Attack, Fianchetto Variation",r1bqk1nr/pp1pppbp/2n3p1/1Bp5/4P3/5N2/PPPP1PPP/RNBQR1K1 b kq - 3 5,20,18,5
B31,"Sicilian Defense: Nyezhmetdinov-Rossolimo Attack, Fianchetto Variation",r1bqkbnr/pp2pp1p/2p3p1/2p5/4P3/5N2/PPPP1PPP/RNBQK2R w KQkq - 0 5,14,8,9
B31,"Sicilian Defense: Nyezhmetdinov-Rossolimo Attack, Fianchetto Variation",r1bqkbnr/pp1ppp1p/2n3p1/1Bp5/4P3/5N2/PPPP1PPP/RNBQ1RK1 b kq - 1 4,45,43,18
B31,"Sicilian Defense: Nyezhmetdinov-Rossolimo Attack, Fianchetto Variation",r1bqk1nr/pp1pppbp/2n3p1/1Bp5/4P3/2P2N2/PP1P1PPP/RNBQ1RK1 b kq - 0 5,11,14,8
B31,"Sicilian Defense: Nyezhmetdinov-Rossolimo Attack, Fianchetto Variation",r1bqkbnr/pp2pp1p/2p3p1/2p5/4P3/3P1N2/PPP2PPP/RNBQK2R b KQkq - 0 5,12,7,8
B31,"Sicilian Defense: Nyezhmetdinov-Rossolimo Attack, Fianchetto Variation",r1bqkbnr/pp1ppp1p/2n3p1/1Bp5/4P3/5N2/PPPP1PPP/RNBQK2R w KQkq - 0 4,69,62,37
B28,"Sicilian Defense: O'Kelly Variation, Venice System",rnbqkbnr/1p1ppppp/p7/2p5/4P3/5N2/PPPP1PPP/RNBQKB1R w KQkq - 0 3,25,20,17
B28,"Sicilian Defense: O'Kelly Variation, Venice System",rnbqkbnr/1p1ppppp/p7/2p5/4P3/2P2N2/PP1P1PPP/RNBQKB1R b KQkq - 0 3,13,7,5
B40,"Sicilian Defense: Pin Variation",rnbqkb1r/pp1p1ppp/4pn2/8/3NP3/8/PPP2PPP/RNBQKB1R w KQkq - 1 5,70,75,33
B40,"Sicilian Defense: Pin Variation",rnbqkb1r/pp1p1ppp/4pn2/8/3NP3/2N5/PPP2PPP/R1BQKB1R b KQkq - 2 5,58,66,33
B62,"Sicilian Defense: Richter-Rauzer Variation",r1bqkb1r/pp3ppp/2nppn2/6B1/3NP3/2NQ4/PPP2PPP/R3KB1R b KQkq - 1 7,11,13,7
B61,"Sicilian Defense: Richter-Rauzer Variation, Modern Variation",r2qkb1r/pp1bpppp/2np1n2/6B1/3NP3/2N5/PPPQ1PPP/R3KB1R b KQkq - 6 7,10,14,9
B61,"Sicilian Defense: Richter-Rauzer Variation, Modern Variation",r2qkb1r/pp1bpppp/2np1n2/6B1/3NP3/2N5/PPP2PPP/R2QKB1R w KQkq - 5 7,13,20,13
B67,"Sicilian Defense: Richter-Rauzer Variation, Neo-Modern Variation",r2qkb1r/1p1b1ppp/p1nppn2/6B1/3NP3/2N5/PPPQ1PPP/2KR1B1R w kq - 2 9,27,17,22
B66,"Sicilian Defense: Richter-Rauzer Variation, Neo-Modern Variation, Early Deviations",r1bqkb1r/pp3ppp/2nppn2/6B1/3NP3/2N5/PPP2PPP/R2QKB1R w KQkq - 0 7,65,64,33
B66,"Sicilian Defense: Richter-Rauzer Variation, Neo-Modern Variation, Early Deviations",r1bqk2r/1p2bppp/p1nppn2/6B1/3NP3/2N5/PPPQ1PPP/2KR1B1R w kq - 2 9,12,14,4
B66,"Sicilian Defense: Richter-Rauzer Variation, Neo-Modern Variation, Early Deviations",r1bqkb1r/pp2pppp/2np1n2/6B1/3NP3/2N5/PPP2PPP/R2QKB1R b KQkq - 4 6,83,86,50
B66,"Sicilian Defense: Richter-Rauzer Variation, Neo-Modern Variation, Early Deviations",r1bqkb1r/1p3ppp/p1nppn2/6B1/3NP3/2N5/PPPQ1PPP/2KR1B1R b kq - 1 8,36,31,20
B66,"Sicilian Defense: Richter-Rauzer Variation, Neo-Modern Variation, Early Deviations",r1bqkbnr/pp1ppppp/2n5/2p5/4P3/2N2N2/PPPP1PPP/R1BQKB1R b KQkq - 3 3,46,40,31
B66,"Sicilian Defense: Richter-Rauzer Variation, Neo-Modern Variation, Early Deviations",r1bqkb1r/pp2pppp/2np1n2/8/3NP3/2N5/PPP2PPP/R1BQKB1R w KQkq - 3 6,116,122,73
B66,"Sicilian Defense: Richter-Rauzer Variation, Neo-Modern Variation, Early Deviations",r1bqkb1r/1p3ppp/p1nppn2/6B1/3NP3/2N5/PPPQ1PPP/R3KB1R w KQkq - 0 8,39,36,24
B66,"Sicilian Defense: Richter-Rauzer Variation, Neo-Modern Variation, Early Deviations",r1bqkb1r/pp3ppp/2nppn2/6B1/3NP3/2N5/PPPQ1PPP/R3KB1R b KQkq - 1 7,50,48,26
B90,"Sicilian Defense: Scheveningen Variation, Delayed Keres Attack",rnbqkb1r/1p3ppp/p2ppn2/8/3NP3/2N1B3/PPP2PPP/R2QKB1R w KQkq - 0 7,19,18,10
B81,"Sicilian Defense: Scheveningen Variation, Keres Attack",rnbqkb1r/pp3ppp/3ppn2/8/3NP3/2N5/PPP2PPP/R1BQKB1R w KQkq - 0 6,22,23,6
B81,"Sicilian Defense: Scheveningen Variation, Keres Attack",rnbqkb1r/pp3ppp/3ppn2/8/3NP1P1/2N5/PPP2P1P/R1BQKB1R b KQkq - 0 6,14,15,2
B83,"Sicilian Defense: Scheveningen Variation, Modern Variation",r1bqkbnr/pp1p1ppp/2n1p3/2p5/4P3/2N2N2/PPPP1PPP/R1BQKB1R w KQkq - 0 4,17,13,17
B83,"Sicilian Defense: Scheveningen Variation, Modern Variation",r1bqkbnr/pp1p1ppp/2n1p3/2p5/3PP3/2N2N2/PPP2PPP/R1BQKB1R b KQkq - 0 4,11,7,11
B83,"Sicilian Defense: Scheveningen Variation, Modern Variation",r1bqkbnr/pp1p1ppp/2n1p3/8/3pP3/2N2N2/PPP2PPP/R1BQKB1R w KQkq - 0 5,11,7,11
B21,"Sicilian Defense: Smith-Morra Gambit",r1bqkbnr/pp1ppppp/2n5/8/4P3/3Q4/PPP2PPP/RNB1KBNR b KQkq - 2 4,7,8,10
B21,"Sicilian Defense: Smith-Morra Gambit",rnbqkbnr/pp1ppppp/8/8/3QP3/8/PPP2PPP/RNB1KBNR b KQkq - 0 3,7,9,11
B21,"Sicilian Defense: Smith-Morra Gambit",r1bqkbnr/pp1ppppp/2n5/8/3QP3/8/PPP2PPP/RNB1KBNR w KQkq - 1 4,7,8,10
B88,"Sicilian Defense: Sozin Attack, Leonhardt Variation",r1bqkb1r/pp2pppp/2np1n2/8/2BNP3/2N5/PPP2PPP/R1BQK2R b KQkq - 4 6,20,12,18
B46,"Sicilian Defense: Taimanov Variation",r1bqkbnr/1p1p1ppp/p1n1p3/8/3NP3/2N5/PPP2PPP/R1BQKB1R w KQkq - 0 6,18,20,16
B46,"Sicilian Defense: Taimanov Variation",r1b1kbnr/1pqp1ppp/p1n1p3/8/3NP3/2N5/PPP1BPPP/R1BQK2R w KQkq - 0 7,9,9,11
B47,"Sicilian Defense: Taimanov Variation, Bastrikov Variation",r1bqkbnr/pp1p1ppp/2n1p3/8/3NP3/8/PPP2PPP/RNBQKB1R w KQkq - 1 5,109,124,77
B47,"Sicilian Defense: Taimanov Variation, Bastrikov Variation",r1b1kbnr/ppqp1ppp/2n1p3/8/3NP3/2N5/PPP2PPP/R1BQKB1R w KQkq - 3 6,72,65,52
B47,"Sicilian Defense: Taimanov Variation, Bastrikov Variation",rnbqkbnr/pp1p1ppp/4p3/8/3NP3/8/PPP2PPP/RNBQKB1R b KQkq - 0 4,256,282,146
B47,"Sicilian Defense: Taimanov Variation, Bastrikov Variation",r1b1kbnr/ppqp1ppp/2n1p3/8/3NP3/2N5/PPP1BPPP/R1BQK2R b KQkq - 1 6,11,14,13
B47,"Sicilian Defense: Taimanov Variation, Bastrikov Variation",rnbqkbnr/pp1p1ppp/4p3/2p5/3PP3/5N2/PPP2PPP/RNBQKB1R b KQkq - 0 3,264,285,151
B47,"Sicilian Defense: Taimanov Variation, Bastrikov Variation",r1bqkbnr/pp1p1ppp/2n1p3/8/3NP3/2N5/PPP2PPP/R1BQKB1R b KQkq - 2 5,108,112,79
B47,"Sicilian Defense: Taimanov Variation, Bastrikov Variation",rnbqkbnr/pp1p1ppp/4p3/8/3pP3/5N2/PPP2PPP/RNBQKB1R w KQkq - 0 4,264,285,151
B48,"Sicilian Defense: Taimanov Variation, Bastrikov Variation, English Attack",r1b1kbnr/1pqp1ppp/p1n1p3/8/3NP3/2N1BQ2/PPP2PPP/R3KB1R b KQkq - 1 7,14,11,12
B48,"Sicilian Defense: Taimanov Variation, Bastrikov Variation, English Attack",r1b1kbnr/1pqp1ppp/p1n1p3/8/3NP3/2N1B3/PPP2PPP/R2QKB1R w KQkq - 0 7,41,35,24
B48,"Sicilian Defense: Taimanov Variation, Bastrikov Variation, English Attack",r1b1kbnr/ppqp1ppp/2n1p3/8/3NP3/2N1B3/PPP2PPP/R2QKB1R b KQkq - 4 6,41,36,24
D10,"Slav Defense",rnbqkb1r/pp2pppp/2p2n2/3p4/2PP4/2N1P3/PP3PPP/R1BQKBNR b KQkq - 0 4,15,18,7
D10,"Slav Defense",rnbqkbnr/pp2pppp/2p5/3p4/2PP4/8/PP2PPPP/RNBQKBNR w KQkq - 0 3,166,240,70
D10,"Slav Defense",rn1qkb1r/pp3ppp/2p1pn2/3p1b2/2PP4/2N1PN2/PP3PPP/R1BQKB1R w KQkq - 0 6,22,20,12
D10,"Slav Defense",rn1qkb1r/pp2pppp/2p2n2/3p1b2/2PP4/2N1PN2/PP3PPP/R1BQKB1R b KQkq - 2 5,22,20,12
D10,"Slav Defense",rnbqkbnr/ppp1pppp/8/3p4/2PP4/8/PP2PPPP/RNBQKBNR b KQkq - 0 2,570,768,263
D10,"Slav Defense",rnbqkbnr/pp2pppp/2p5/3p4/2PP4/2N5/PP2PPPP/R1BQKBNR b KQkq - 1 3,36,36,12
D15,"Slav Defense: Chebanenko Variation, Advance System",rnbqkb1r/1p2pppp/p1p2n2/3p4/2PP4/2N2N2/PP2PPPP/R1BQKB1R w KQkq - 0 5,12,12,3
D17,"Slav Defense: Czech Variation, Carlsbad Variation, Morozevich Variation",r2qkb1r/pp1npppp/2p2n2/4Nb2/P1pP4/2N5/1P2PPPP/R1BQKB1R w KQkq - 3 7,15,11,8
D17,"Slav Defense: Czech Variation, Carlsbad Variation, Morozevich Variation",r2qkb1r/pp1npppp/2p2n2/5b2/P1NP4/2N5/1P2PPPP/R1BQKB1R b KQkq - 0 7,15,11,8
D19,"Slav Defense: Czech Variation, Classical System, Main Line",rn1qkb1r/pp2pppp/2p2n2/5b2/P1pP4/2N2N2/1P2PPPP/R1BQKB1R w KQkq - 1 6,24,22,10
D17,"Slav Defense: Czech Variation, Krause Attack",rn1qkb1r/pp2pppp/2p2n2/4Nb2/P1pP4/2N5/1P2PPPP/R1BQKB1R b KQkq - 2 6,18,12,8
D10,"Slav Defense: Exchange Variation",r1bqkb1r/pp2pppp/2n2n2/3p4/3P1B2/2N1P3/PP3PPP/R2QKBNR b KQkq - 0 6,9,29,3
D13,"Slav Defense: Exchange Variation",rnbqkbnr/pp2pppp/8/3p4/3P4/8/PP2PPPP/RNBQKBNR w KQkq - 0 4,16,63,11
D10,"Slav Defense: Exchange Variation",r2qkb1r/pp3ppp/2n1pn2/3p1b2/3P1B2/2NBPN2/PP3PPP/R2QK2R b KQkq - 1 8,0,33,1
D10,"Slav Defense: Exchange Variation",rnbqkbnr/pp2pppp/8/3p4/3P1B2/8/PP2PPPP/RN1QKBNR b KQkq - 1 4,7,13,7
D13,"Slav Defense: Exchange Variation",r1bqkb1r/1p2pppp/p1n2n2/3p4/3P1B2/2N2N2/PP2PPPP/R2QKB1R w KQkq - 0 7,3,20,4
D10,"Slav Defense: Exchange Variation",r2qk2r/pp3ppp/2nbpn2/3p4/3P1B2/2NQPN2/PP3PPP/R3K2R w KQkq - 1 10,0,33,0
D10,"Slav Defense: Exchange Variation",r1bqkb1r/pp2pppp/2n2n2/3p4/3P1B2/2N5/PP2PPPP/R2QKBNR w KQkq - 4 6,7,26,3
D10,"Slav Defense: Exchange Variation",rnbqkb1r/pp2pppp/5n2/3p4/3P1B2/2N5/PP2PPPP/R2QKBNR b KQkq - 3 5,7,26,3
D10,"Slav Defense: Exchange Variation",r2qkb1r/pp3ppp/2n1pn2/3p4/3P1B2/2NQPN2/PP3PPP/R3K2R b KQkq - 0 9,0,35,0
D13,"Slav Defense: Exchange Variation",r1bqkb1r/pp2pppp/2n2n2/3p4/3P1B2/2N2N2/PP2PPPP/R2QKB1R b KQkq - 5 6,11,64,8
D13,"Slav Defense: Exchange Variation",rnbqkbnr/pp2pppp/2p5/3P4/3P4/8/PP2PPPP/RNBQKBNR b KQkq - 0 3,16,63,11
D10,"Slav Defense: Exchange Variation",r2qkb1r/pp3ppp/2n1pn2/3p4/3P1B2/2NbPN2/PP3PPP/R2QK2R w KQkq - 0 9,0,33,0
D13,"Slav Defense: Exchange Variation",r1bqkb1r/pp2pppp/2n2n2/3p4/3P4/2N2N2/PP2PPPP/R1BQKB1R w KQkq - 4 6,8,59,6
D13,"Slav Defense: Exchange Variation",rnbqkb1r/pp2pppp/5n2/3p4/3P4/5N2/PP2PPPP/RNBQKB1R w KQkq - 0 5,3,33,4
D13,"Slav Defense: Exchange Variation",rnbqkb1r/pp2pppp/5n2/3p4/3P4/2N2N2/PP2PPPP/R1BQKB1R b KQkq - 3 5,8,54,5
D14,"Slav Defense: Exchange Variation, Symmetrical Line",r2qkb1r/pp2pppp/2n2n2/3p1b2/3P1B2/2N1PN2/PP3PPP/R2QKB1R b KQkq - 0 7,6,43,4
D14,"Slav Defense: Exchange Variation, Symmetrical Line",rnbqkb1r/pp2pppp/5n2/3p4/3P4/2N5/PP2PPPP/R1BQKBNR w KQkq - 2 5,11,46,3
D14,"Slav Defense: Exchange Variation, Symmetrical Line",r2qkb1r/pp2pppp/2n2n2/3p1b2/3P1B2/2N2N2/PP2PPPP/R2QKB1R w KQkq - 4 7,8,38,4
D14,"Slav Defense: Exchange Variation, Symmetrical Line",r2qk2r/pp3ppp/2nBpn2/3p4/3P4/2NQPN2/PP3PPP/R3K2R b KQkq - 0 10,0,31,0
D14,"Slav Defense: Exchange Variation, Symmetrical Line",r4rk1/pp3ppp/2nqpn2/3p4/3P4/2NQPN2/PP3PPP/R4RK1 w - - 2 12,0,25,0
D14,"Slav Defense: Exchange Variation, Symmetrical Line",r3k2r/pp3ppp/2nqpn2/3p4/3P4/2NQPN2/PP3PPP/R4RK1 b kq - 1 11,0,27,0
D14,"Slav Defense: Exchange Variation, Symmetrical Line",rnbqkbnr/pp2pppp/8/3p4/3P4/2N5/PP2PPPP/R1BQKBNR b KQkq - 1 4,7,41,3
D14,"Slav Defense: Exchange Variation, Symmetrical Line",r3k2r/pp3ppp/2nqpn2/3p4/3P4/2NQPN2/PP3PPP/R3K2R w KQkq - 0 11,0,30,0
D14,"Slav Defense: Exchange Variation, Trifunovic Variation",rnbqkb1r/pp2pppp/2p2n2/3P4/3P4/5N2/PP2PPPP/RNBQKB1R b KQkq - 0 4,2,24,3
D14,"Slav Defense: Exchange Variation, Trifunovic Variation",r2qkb1r/pp3ppp/2n1pn2/3p1b2/3P1B2/2N1PN2/PP3PPP/R2QKB1R w KQkq - 0 8,0,40,2
D11,"Slav Defense: Modern Line",rnbqkb1r/pp2pppp/2p2n2/3p4/2PP4/5NP1/PP2PP1P/RNBQKB1R b KQkq - 0 4,9,8,8
D11,"Slav Defense: Quiet Variation",rnbqkb1r/pp2pppp/2p2n2/3p4/2PP4/4PN2/PP3PPP/RNBQKB1R b KQkq - 0 4,48,42,17
D12,"Slav Defense: Quiet Variation, Schallopp Defense",rn1qkb1r/pp2pppp/2p2n2/3p1b2/2PP4/4PN2/PP3PPP/RNBQKB1R w KQkq - 1 5,24,23,11
D12,"Slav Defense: Quiet Variation, Schallopp Defense",rn1qkb1r/pp3ppp/2p1pn2/3p4/2PPb2N/2N1P3/PP3PPP/R1BQKB1R w KQkq - 2 7,13,7,5
D12,"Slav Defense: Quiet Variation, Schallopp Defense",rn1qkb1r/pp3ppp/2p1pnb1/3p4/2PP3N/2N1PP2/PP4PP/R1BQKB1R w KQkq - 1 8,13,7,5
D12,"Slav Defense: Quiet Variation, Schallopp Defense",rn1qkb1r/pp3ppp/2p1pn2/3p4/2PPb2N/2N1PP2/PP4PP/R1BQKB1R b KQkq - 0 7,13,7,5
D12,"Slav Defense: Quiet Variation, Schallopp Defense",rn1qkb1r/pp3ppp/2p1pn2/3p1b2/2PP3N/2N1P3/PP3PPP/R1BQKB1R b KQkq - 1 6,21,17,10
D16,"Slav Defense: Soultanbeieff Variation",rnbqkb1r/pp2pppp/2p2n2/8/2pP4/2N2N2/PP2PPPP/R1BQKB1R w KQkq - 0 5,43,58,18
D16,"Slav Defense: Soultanbeieff Variation",rnbqkb1r/pp2pppp/2p2n2/8/P1pP4/2N2N2/1P2PPPP/R1BQKB1R b KQkq - 0 5,38,52,14
A50,"Slav Indian",rnbqkb1r/pp1ppppp/2p2n2/8/2PP4/8/PP2PPPP/RNBQKBNR w KQkq - 0 3,18,18,8
A50,"Slav Indian",rnbqkb1r/pp2pppp/2p2n2/3p4/2PP4/2N5/PP2PPPP/R1BQKBNR w KQkq - 0 4,40,45,12
D34,"Tarrasch Defense: Classical Variation",r1bqkb1r/pp3ppp/2n2n2/2pp4/3P4/2N2NP1/PP2PP1P/R1BQKB1R w KQkq - 1 7,7,15,3
D34,"Tarrasch Defense: Classical Variation",r1bqkb1r/pp3ppp/2n2n2/2pp4/3P4/2N2NP1/PP2PPBP/R1BQK2R b KQkq - 2 7,10,15,3
D34,"Tarrasch Defense: Classical Variation",r1bqkbnr/pp3ppp/2n5/2pp4/3P4/2N2N2/PP2PPPP/R1BQKB1R w KQkq - 2 6,8,15,2
D34,"Tarrasch Defense: Classical Variation",rnbqkbnr/pp3ppp/8/2pp4/3P4/2N2N2/PP2PPPP/R1BQKB1R b KQkq - 1 5,12,20,5
D32,"Tarrasch Defense: Schara Gambit",rnbqkbnr/pp3ppp/4p3/2pP4/3P4/2N5/PP2PPPP/R1BQKBNR b KQkq - 0 4,17,22,6
D32,"Tarrasch Defense: Symmetrical Variation",rnbqkb1r/pp3ppp/4pn2/2pp4/2PP4/2N1PN2/PP3PPP/R1BQKB1R b KQkq - 2 5,12,14,10
D32,"Tarrasch Defense: Symmetrical Variation",rnbqkbnr/pp3ppp/4p3/2pp4/2PP4/2N5/PP2PPPP/R1BQKBNR w KQkq - 0 4,20,29,7
D32,"Tarrasch Defense: Symmetrical Variation",r1bqkb1r/pp3ppp/2n1pn2/2pp4/2PP4/2N1PN2/PP3PPP/R1BQKB1R w KQkq - 3 6,12,11,4
D32,"Tarrasch Defense: Two Knights Variation",rnbqkbnr/pp3ppp/8/2pp4/3P4/2N5/PP2PPPP/R1BQKBNR w KQkq - 0 5,11,17,4
A46,"Torre Attack: Classical Defense, Nimzowitsch Variation",rnbqkb1r/pppp1ppp/4pn2/6B1/3P4/5N2/PPP1PPPP/RN1QKB1R b KQkq - 1 3,20,17,6
A48,"Torre Attack: Fianchetto Defense",rnbqk2r/ppppppbp/5np1/6B1/3P4/5N2/PPPNPPPP/R2QKB1R b KQkq - 3 4,7,13,6
A48,"Torre Attack: Fianchetto Defense",rnbqk2r/ppppppbp/5np1/6B1/3P4/5N2/PPP1PPPP/RN1QKB1R w KQkq - 2 4,8,16,6
A48,"Torre Attack: Fianchetto Defense",rnbqkb1r/pppppp1p/5np1/6B1/3P4/5N2/PPP1PPPP/RN1QKB1R b KQkq - 1 3,8,16,6
A45,"Trompowsky Attack",rnbqkb1r/ppp1pppp/5n2/3p2B1/3P4/8/PPP1PPPP/RN1QKBNR w KQkq - 0 3,17,19,15
A45,"Trompowsky Attack: Classical Defense, Big Center Variation",rnbqkb1r/pppppppp/5n2/6B1/3P4/8/PPP1PPPP/RN1QKBNR b KQkq - 2 2,42,51,29
A00,"Van Geet Opening",rnbqkbnr/pppppppp/8/8/8/2N5/PPPPPPPP/R1BQKBNR b KQkq - 1 1,9,5,15
A41,"Wade Defense",rn1qkbnr/ppp1pppp/3p4/8/3P2b1/5N2/PPP1PPPP/RNBQKB1R w KQkq - 2 3,23,33,1
A41,"Wade Defense",rnbqkbnr/ppp1pppp/3p4/8/3P4/8/PPP1PPPP/RNBQKBNR w KQkq - 0 2,82,101,33
A41,"Wade Defense",rn1qkbnr/ppp1pppp/3p4/8/3PP1b1/5N2/PPP2PPP/RNBQKB1R b KQkq - 0 3,15,16,0
A46,"Yusupov-Rubinstein System",rnbqkb1r/pppp1ppp/4pn2/8/3P4/4PN2/PPP2PPP/RNBQKB1R b KQkq - 0 3,14,17,15
A46,"Yusupov-Rubinstein System",rnbqkb1r/p1pp1ppp/1p2pn2/8/3P4/4PN2/PPP2PPP/RNBQKB1R w KQkq - 0 4,8,7,10
A05,"Zukertort Opening",rn1qk2r/pbppppbp/1p3np1/8/2PP4/5NP1/PP2PPBP/RNBQ1RK1 b kq - 0 6,7,13,10
A05,"Zukertort Opening",rnbqkb1r/p1pppppp/1p3n2/8/8/5NP1/PPPPPPBP/RNBQK2R b KQkq - 1 3,15,19,11
A06,"Zukertort Opening",rnbqk2r/ppp2ppp/3bpn2/3p4/2P5/2N1PN2/PP1P1PPP/R1BQKB1R w KQkq - 2 5,8,22,11
A05,"Zukertort Opening",rn1qkb1r/pbpppppp/1p3n2/8/8/5NP1/PPPPPPBP/RNBQ1RK1 b kq - 3 4,6,12,7
A06,"Zukertort Opening",rnbq1rk1/ppp2ppp/3bpn2/3p4/2P5/1PN1PN2/PB1P1PPP/R2QKB1R b KQ - 2 6,13,21,8
A05,"Zukertort Opening",rn1qkb1r/pbpppppp/1p3n2/8/8/5NP1/PPPPPPBP/RNBQK2R w KQkq - 2 4,15,18,11
A04,"Zukertort Opening",rnbqkbnr/pppppppp/8/8/8/5N2/PPPPPPPP/RNBQKB1R b KQkq - 1 1,956,1075,567
A06,"Zukertort Opening",rnbqkb1r/pp2pppp/2p2n2/3p4/2P5/2N1PN2/PP1P1PPP/R1BQKB1R b KQkq - 0 4,19,18,7
A06,"Zukertort Opening",rnbq1rk1/ppp2ppp/3bpn2/3p4/2P5/1PN1PN2/P2P1PPP/R1BQKB1R w KQ - 1 6,7,18,7
A05,"Zukertort Opening",rnbqkb1r/p1pppppp/1p3n2/8/8/5NP1/PPPPPP1P/RNBQKB1R w KQkq - 0 3,16,20,12
A06,"Zukertort Opening",rnbqkbnr/ppp1pppp/8/3p4/8/4PN2/PPPP1PPP/RNBQKB1R b KQkq - 0 2,62,73,39
A05,"Zukertort Opening",rn1q1rk1/pbppppbp/1p3np1/8/2PP4/5NP1/PP2PPBP/RNBQ1RK1 w - - 1 7,7,13,11
A06,"Zukertort Opening",rnbqkb1r/ppp2ppp/4pn2/3p4/2P5/1P2PN2/P2P1PPP/RNBQKB1R b KQkq - 0 4,30,24,11
A05,"Zukertort Opening",rnbqkb1r/pppppppp/5n2/8/8/5NP1/PPPPPP1P/RNBQKB1R b KQkq - 0 2,139,197,86
A06,"Zukertort Opening",rnbqk2r/ppp2ppp/3bpn2/3p4/2P5/1PN1PN2/P2P1PPP/R1BQKB1R b KQkq - 0 5,7,20,8
A06,"Zukertort Opening",rnbqkb1r/ppp1pppp/5n2/3p4/2P5/4PN2/PP1P1PPP/RNBQKB1R b KQkq - 0 3,48,50,33
A06,"Zukertort Opening",rnbqkbnr/pp2pppp/8/2pp4/8/1P2PN2/P1PP1PPP/RNBQKB1R b KQkq - 0 3,16,17,7
A05,"Zukertort Opening",rnbqkb1r/pp1ppppp/5n2/2p5/8/5NP1/PPPPPPBP/RNBQK2R b KQkq - 1 3,11,14,10
A05,"Zukertort Opening",rn1qkb1r/pb1ppppp/1p3n2/2p5/2P5/5NP1/PP1PPPBP/RNBQ1RK1 b kq - 3 5,7,13,10
A06,"Zukertort Opening",rnbqkb1r/pp2pppp/2p2n2/3p4/2P5/4PN2/PP1P1PPP/RNBQKB1R w KQkq - 0 4,27,21,8
A05,"Zukertort Opening",r1bqkb1r/pp1ppppp/2n2n2/2p5/8/5NP1/PPPPPPBP/RNBQK2R w KQkq - 2 4,9,13,10
A05,"Zukertort Opening",rn1q1rk1/pb1pppbp/1p3np1/2p5/2P5/1P3NP1/PB1PPPBP/RN1Q1RK1 w - - 3 8,6,16,5
A04,"Zukertort Opening: Kingside Fianchetto",rnbqkbnr/pppppp1p/6p1/8/3P4/5N2/PPP1PPPP/RNBQKB1R b KQkq - 1 2,22,13,11
A04,"Zukertort Opening: Kingside Fianchetto",rnbqk1nr/ppppppbp/6p1/8/3P4/5N2/PPP1PPPP/RNBQKB1R w KQkq - 2 3,18,11,8
A04,"Zukertort Opening: Kingside Fianchetto",rnbqkbnr/pppppp1p/6p1/8/8/5N2/PPPPPPPP/RNBQKB1R w KQkq - 0 2,20,15,20
A05,"Zukertort Opening: Nimzo-Larsen Variation",rnbqkb1r/pppppp1p/5np1/8/8/1P3N2/P1PPPPPP/RNBQKB1R w KQkq - 0 3,15,14,4
A05,"Zukertort Opening: Nimzo-Larsen Variation",rnbqk2r/ppppppbp/5np1/8/8/1P3N2/PBPPPPPP/RN1QKB1R w KQkq - 2 4,15,14,6
A05,"Zukertort Opening: Nimzo-Larsen Variation",rnbqkb1r/pppppp1p/5np1/8/8/1P3N2/PBPPPPPP/RN1QKB1R b KQkq - 1 3,15,14,6
A05,"Zukertort Opening: Nimzo-Larsen Variation",rnbqkb1r/pppppppp/5n2/8/8/1P3N2/P1PPPPPP/RNBQKB1R b KQkq - 0 2,33,28,21
A05,"Zukertort Opening: Quiet System",rnbqkb1r/ppp2ppp/4pn2/3p4/8/1P2PN2/PBPP1PPP/RN1QKB1R b KQkq - 1 4,12,11,3
A05,"Zukertort Opening: Quiet System",rnbqkb1r/ppp1pppp/5n2/3p4/8/1P2PN2/P1PP1PPP/RNBQKB1R b KQkq - 0 3,10,11,5
A05,"Zukertort Opening: Quiet System",rnbqkb1r/ppp1pppp/5n2/3p4/8/4PN2/PPPP1PPP/RNBQKB1R w KQkq - 1 3,57,61,39
A04,"Zukertort Opening: Sicilian Invitation",rnbqkbnr/pp1ppppp/8/2p5/8/1P3N2/P1PPPPPP/RNBQKB1R b KQkq - 0 2,10,10,8
A04,"Zukertort Opening: Sicilian Invitation",rnbqkbnr/pp1ppppp/8/2p5/8/5NP1/PPPPPP1P/RNBQKB1R b KQkq - 0 2,12,11,13
A04,"Zukertort Opening: Sicilian Invitation",rnbqkbnr/pp1ppppp/8/2p5/8/5N2/PPPPPPPP/RNBQKB1R w KQkq - 0 2,68,97,67
